"DateTime","AAPL Price in USD (open)","AAPL Price in USD (high)","AAPL Price in USD (low)","AAPL Price in USD (close)","On Loan - New","On Loan - Returned"
"2017-03-29 00:00:00",35.92,36.1225,35.7975,36.03
"2017-03-30 00:00:00",36.0475,36.125,35.875,35.9825
"2017-03-31 00:00:00",35.93,36.0675,35.7525,35.915
"2017-04-03 00:00:00",35.9275,36.03,35.7625,35.925
"2017-04-04 00:00:00",35.8125,36.2225,35.7925,36.1925
"2017-04-05 00:00:00",36.055,36.365,35.9525,36.005
"2017-04-06 00:00:00",36.0725,36.13,35.8625,35.915
"2017-04-07 00:00:00",35.9325,36.045,35.8175,35.835
"2017-04-10 00:00:00",35.9,35.9698,35.725,35.7925
"2017-04-11 00:00:00",35.735,35.8375,35.015,35.4075
"2017-04-12 00:00:00",35.4,35.5375,35.2525,35.45
"2017-04-13 00:00:00",35.4775,35.595,35.2625,35.2625
"2017-04-17 00:00:00",35.37,35.47,35.2175,35.4575
"2017-04-18 00:00:00",35.3525,35.51,35.2775,35.3
"2017-04-19 00:00:00",35.47,35.5,35.1125,35.17
"2017-04-20 00:00:00",35.305,35.73,35.29,35.61
"2017-04-21 00:00:00",35.61,35.67,35.4625,35.5675
"2017-04-24 00:00:00",35.875,35.9875,35.795,35.91
"2017-04-25 00:00:00",35.9775,36.225,35.9675,36.1325
"2017-04-26 00:00:00",36.1175,36.15,35.84405,35.92
"2017-04-27 00:00:00",35.98075,36.04,35.8275,35.9475
"2017-04-28 00:00:00",36.0225,36.075,35.8175,35.9125
"2017-05-01 00:00:00",36.275,36.8,36.24,36.645
"2017-05-02 00:00:00",36.885,37.0225,36.71,36.8775
"2017-05-03 00:00:00",36.3975,36.8725,36.0675,36.765
"2017-05-04 00:00:00",36.63,36.785,36.4525,36.6325
"2017-05-05 00:00:00",36.69,37.245,36.69,37.24
"2017-05-08 00:00:00",37.2575,38.425,37.2575,38.2525
"2017-05-09 00:00:00",38.4675,38.72,38.3625,38.4975
"2017-05-10 00:00:00",38.4075,38.485,38.0275,38.315
"2017-05-11 00:00:00",38.1125,38.5175,38.0775,38.4875
"2017-05-12 00:00:00",38.675,39.105,38.6675,39.025
"2017-05-15 00:00:00",39.0025,39.1625,38.7625,38.925
"2017-05-16 00:00:00",38.985,39.015,38.68,38.8675
"2017-05-17 00:00:00",38.4,38.6425,37.4275,37.5625
"2017-05-18 00:00:00",37.8175,38.335,37.7825,38.135
"2017-05-19 00:00:00",38.345,38.495,38.1575,38.265
"2017-05-22 00:00:00",38.5,38.645,38.2275,38.4975
"2017-05-23 00:00:00",38.725,38.725,38.3275,38.45
"2017-05-24 00:00:00",38.46,38.5425,38.1675,38.335
"2017-05-25 00:00:00",38.4325,38.5875,38.2575,38.4675
"2017-05-26 00:00:00",38.5,38.56,38.3275,38.4025
"2017-05-30 00:00:00",38.355,38.6075,38.3325,38.4175
"2017-05-31 00:00:00",38.4925,38.5425,38.095,38.19
"2017-06-01 00:00:00",38.2925,38.3325,38.055,38.295
"2017-06-02 00:00:00",38.395,38.8625,38.2225,38.8625
"2017-06-05 00:00:00",38.585,38.6125,38.365,38.4825
"2017-06-06 00:00:00",38.475,38.9525,38.445,38.6125
"2017-06-07 00:00:00",38.755,38.995,38.62,38.8425
"2017-06-08 00:00:00",38.8125,38.885,38.6,38.7475
"2017-06-09 00:00:00",38.7975,38.7975,36.505,37.245
"2017-06-12 00:00:00",36.435,36.5225,35.6275,36.355
"2017-06-13 00:00:00",36.79,36.8625,36.2875,36.6475
"2017-06-14 00:00:00",36.875,36.875,35.96,36.29
"2017-06-15 00:00:00",35.83,36.11995,35.5525,36.0725
"2017-06-16 00:00:00",35.945,36.125,35.55,35.5675
"2017-06-19 00:00:00",35.915,36.685,35.915,36.585
"2017-06-20 00:00:00",36.7175,36.7175,36.235,36.2525
"2017-06-21 00:00:00",36.38,36.517325,36.1525,36.4675
"2017-06-22 00:00:00",36.4425,36.675,36.279975,36.4075
"2017-06-23 00:00:00",36.2825,36.79,36.2775,36.57
"2017-06-26 00:00:00",36.7925,37.07,36.345,36.455
"2017-06-27 00:00:00",36.2525,36.54,35.905,35.9325
"2017-06-28 00:00:00",36.1225,36.5275,35.790025,36.4575
"2017-06-29 00:00:00",36.1775,36.2825,35.57,35.92
"2017-06-30 00:00:00",36.1125,36.24,35.945,36.005
"2017-07-03 00:00:00",36.22,36.325025,35.775,35.875,568200,2893429
"2017-07-04 00:00:00",,,,,487100,1438029
"2017-07-05 00:00:00",35.9225,36.1975,35.680925,36.0225,2842300,1527548
"2017-07-06 00:00:00",35.755,35.875,35.6025,35.6825,1138887,2435900
"2017-07-07 00:00:00",35.725,36.1875,35.725,36.045,2743300,1878400
"2017-07-10 00:00:00",36.0275,36.4875,35.8425,36.265,1253400,439900
"2017-07-11 00:00:00",36.1825,36.4625,36.095,36.3825,1106600,4381884
"2017-07-12 00:00:00",36.4675,36.545,36.205,36.435,1313200,1680400
"2017-07-13 00:00:00",36.375,37.1225,36.36,36.9425,943900,722050
"2017-07-14 00:00:00",36.9925,37.3325,36.8325,37.26,1976800,1948426
"2017-07-17 00:00:00",37.205,37.725,37.1425,37.39,2453450,2947860
"2017-07-18 00:00:00",37.3,37.5325,37.1675,37.52,1648900,2393500
"2017-07-19 00:00:00",37.62,37.855,37.4875,37.755,1057500,1862330
"2017-07-20 00:00:00",37.875,37.935,37.5475,37.585,1805800,499700
"2017-07-21 00:00:00",37.4975,37.61,37.22,37.5675,805200,489600
"2017-07-24 00:00:00",37.645,38.11,37.475,38.0225,1404500,1279600
"2017-07-25 00:00:00",37.95,38.46,37.95,38.185,717400,927400
"2017-07-26 00:00:00",38.3375,38.4825,38.265,38.365,310173,1078919
"2017-07-27 00:00:00",38.4375,38.4975,36.825,37.64,2838700,1704950
"2017-07-28 00:00:00",37.4725,37.5575,37.2975,37.375,1214300,2262800
"2017-07-31 00:00:00",37.475,37.5825,37.0325,37.1825,1491000,2353531
"2017-08-01 00:00:00",37.275,37.555,37.1025,37.5125,1319400,1871600
"2017-08-02 00:00:00",39.82,39.9375,39.04,39.285,686400,1071500
"2017-08-03 00:00:00",39.2625,39.3025,38.755,38.8925,1343400,703229
"2017-08-04 00:00:00",39.0175,39.35,38.9225,39.0975,1308000,866471
"2017-08-07 00:00:00",39.265,39.73,39.167525,39.7025,1442900,2519123
"2017-08-08 00:00:00",39.65,40.4575,39.5675,40.02,3034700,6223500
"2017-08-09 00:00:00",39.815,40.3175,39.7775,40.265,2095725,1444200
"2017-08-10 00:00:00",39.975,40,38.6575,38.83
"2017-08-11 00:00:00",39.15,39.6432,39.0175,39.37
"2017-08-14 00:00:00",39.83,40.0525,39.6875,39.9625
"2017-08-15 00:00:00",40.165,40.54875,40.035,40.4
"2017-08-16 00:00:00",40.485,40.6275,40.0375,40.2375
"2017-08-17 00:00:00",40.13,40.1775,39.46,39.465
"2017-08-18 00:00:00",39.465,39.875,39.18,39.375
"2017-08-21 00:00:00",39.375,39.4725,38.777525,39.3025
"2017-08-22 00:00:00",39.5575,40,39.505,39.945
"2017-08-23 00:00:00",39.7675,40.1175,39.72,39.995
"2017-08-24 00:00:00",40.1075,40.185,39.6375,39.8175
"2017-08-25 00:00:00",39.9125,40.14,39.8175,39.965
"2017-08-28 00:00:00",40.035,40.5,39.9825,40.3675
"2017-08-29 00:00:00",40.025,40.78,40,40.7275
"2017-08-30 00:00:00",40.95,40.9725,40.6525,40.8375
"2017-08-31 00:00:00",40.91,41.13,40.87,41
"2017-09-01 00:00:00",41.2,41.235,40.9075,41.0125
"2017-09-05 00:00:00",40.9375,41.0625,40.14,40.52
"2017-09-06 00:00:00",40.6775,40.7475,40.13,40.4775
"2017-09-07 00:00:00",40.5225,40.56,40.09,40.315
"2017-09-08 00:00:00",40.215,40.2875,39.6325,39.6575
"2017-09-11 00:00:00",40.125,40.5125,39.9725,40.375
"2017-09-12 00:00:00",40.6525,40.99,39.6925,40.215
"2017-09-13 00:00:00",39.9675,39.99,39.4775,39.9125
"2017-09-14 00:00:00",39.7475,39.85,39.5225,39.57
"2017-09-15 00:00:00",39.6175,40.2425,39.5,39.97
"2017-09-18 00:00:00",40.0275,40.125,39.49875,39.6675
"2017-09-19 00:00:00",39.8775,39.9425,39.61,39.6825
"2017-09-20 00:00:00",39.475,39.565,38.4575,39.0175
"2017-09-21 00:00:00",38.95,38.95,38.1875,38.3475
"2017-09-22 00:00:00",38.005,38.0675,37.64,37.9725
"2017-09-25 00:00:00",37.4975,37.9575,37.29,37.6375
"2017-09-26 00:00:00",37.945,38.48,37.9225,38.285
"2017-09-27 00:00:00",38.45,38.679725,38.385,38.5575
"2017-09-28 00:00:00",38.4725,38.57,38.175,38.32
"2017-09-29 00:00:00",38.3025,38.5325,38,38.53
"2017-10-02 00:00:00",38.565,38.6125,38.18,38.4525,1769791,2930100
"2017-10-03 00:00:00",38.5025,38.7725,38.4775,38.62,2209100,889702
"2017-10-04 00:00:00",38.4075,38.465,38.115,38.37,1529800,1543400
"2017-10-05 00:00:00",38.545,38.86,38.5125,38.8475,2845800,1075900
"2017-10-06 00:00:00",38.7425,38.8725,38.64,38.825,847700,1620460
"2017-10-09 00:00:00",38.9525,39.1825,38.87125,38.96,479600,2240060
"2017-10-10 00:00:00",39.01375,39.5,38.775,38.975,1814800,1291600
"2017-10-11 00:00:00",38.9925,39.245,38.9375,39.1375,2222460,1071800
"2017-10-12 00:00:00",39.0875,39.3425,38.932475,39,2649770,2200160
"2017-10-13 00:00:00",39.1825,39.32,39.1025,39.2475,790600,1638428
"2017-10-16 00:00:00",39.475,40,39.4125,39.97,1075600,391100
"2017-10-17 00:00:00",39.945,40.2175,39.8075,40.1175,655437,1768730
"2017-10-18 00:00:00",40.105,40.1775,39.9,39.94,574500,1445600
"2017-10-19 00:00:00",39.1875,39.27,38.755,38.995,767000,695483
"2017-10-20 00:00:00",39.1525,39.4375,38.99,39.0625,797000,488400
"2017-10-23 00:00:00",39.2225,39.4225,38.875,39.0425,1761600,2803100
"2017-10-24 00:00:00",39.0725,39.355,39.05,39.275,1077451,1732400
"2017-10-25 00:00:00",39.2275,39.3875,38.8175,39.1025,1378502,3299357
"2017-10-26 00:00:00",39.3075,39.457375,39.195,39.3525,1394400,2322900
"2017-10-27 00:00:00",39.8225,40.9,39.675,40.7625,416500,581200
"2017-10-30 00:00:00",40.9725,42.0175,40.93,41.68,1740200,2391800
"2017-10-31 00:00:00",41.975,42.412475,41.735,42.26,490300,906072
"2017-11-01 00:00:00",42.4675,42.485,41.4025,41.7225,1215600,297400
"2017-11-02 00:00:00",41.91,42.125,41.32,42.0275,1186553,1126403
"2017-11-03 00:00:00",43.5,43.565,42.78,43.125,1487559,1769959
"2017-11-06 00:00:00",43.09125,43.7475,42.93,43.5625,1354632,1277660
"2017-11-07 00:00:00",43.4775,43.8125,43.4,43.7025,2428302,2788934
"2017-11-08 00:00:00",43.665,44.06,43.5825,44.06,2750300,1856701
"2017-11-09 00:00:00",43.7775,44.02375,43.285,43.97,4092819,2750990
"2017-11-10 00:00:00",43.7775,43.845,43.5675,43.6675,1666000,4727897
"2017-11-13 00:00:00",43.375,43.625,43.35,43.4925,10470800,2536327
"2017-11-14 00:00:00",43.26,43.37,42.795,42.835,7175685,3358400
"2017-11-15 00:00:00",42.4925,42.579925,42.095,42.27,3521401,8609315
"2017-11-16 00:00:00",42.795,42.9675,42.575,42.775,2474700,2562701
"2017-11-17 00:00:00",42.76,42.8475,42.41,42.5375,2651800,1440226
"2017-11-20 00:00:00",42.5725,42.64,42.39,42.495,1932423,1117469
"2017-11-21 00:00:00",42.695,43.425,42.695,43.285,1940979,1811500
"2017-11-22 00:00:00",43.34,43.75,43.2625,43.74,308800,1267900
"2017-11-23 00:00:00",,,,,209900,1193400
"2017-11-24 00:00:00",43.775,43.875,43.661475,43.7425,2648200,1167800
"2017-11-27 00:00:00",43.7625,43.77,43.335,43.5225,1742700,3470500
"2017-11-28 00:00:00",43.575,43.7175,42.965,43.2675,2358900,3542000
"2017-11-29 00:00:00",43.1575,43.23,41.79,42.37,1103600,1707300
"2017-11-30 00:00:00",42.6075,43.035,42.11,42.9625,1359500,1823000
"2017-12-01 00:00:00",42.4875,42.9175,42.125,42.7625,16093200,1390100
"2017-12-04 00:00:00",43.12,43.155,42.4075,42.45,4401961,11335261
"2017-12-05 00:00:00",42.265,42.88,42.1,42.41,4533000,3749970
"2017-12-06 00:00:00",41.875,42.551175,41.615,42.2525,1151300,1738100
"2017-12-07 00:00:00",42.2575,42.61,42.2275,42.33,1444800,3256200
"2017-12-08 00:00:00",42.6225,42.75,42.205,42.3425,1870894,2358942
"2017-12-11 00:00:00",42.3,43.2225,42.1975,43.1675,2181900,3157674
"2017-12-12 00:00:00",43.0375,43.0975,42.86525,42.925,1731816,1748134
"2017-12-13 00:00:00",43.125,43.385,43,43.0675,966700,1781892
"2017-12-14 00:00:00",43.1,43.2825,42.9125,43.055,1923500,1748523
"2017-12-15 00:00:00",43.4075,43.5425,43.115,43.4925,4358293,1353262
"2017-12-18 00:00:00",43.72,44.3,43.715,44.105,2681990,3245202
"2017-12-19 00:00:00",43.7575,43.8475,43.5225,43.635,1648920,3032030
"2017-12-20 00:00:00",43.7175,43.855,43.3125,43.5875,1825700,3167774
"2017-12-21 00:00:00",43.5425,44.005,43.525,43.7525,1971000,1513120
"2017-12-22 00:00:00",43.67,43.856,43.625,43.7525,3084700,2596600
"2017-12-25 00:00:00",,,,,1341100,2072700
"2017-12-26 00:00:00",42.7,42.8675,42.41975,42.6425,1576700,1932800
"2017-12-27 00:00:00",42.525,42.695,42.4275,42.65,2558432,2890672
"2017-12-28 00:00:00",42.75,42.9625,42.62,42.77,4570931,2646931
"2017-12-29 00:00:00",42.63,42.6475,42.305,42.3075,4945487,2413200
"2018-01-01 00:00:00",,,,,2694615,1339400
"2018-01-02 00:00:00",42.54,43.075,42.315,43.065,2403030,2320309
"2018-01-03 00:00:00",43.1325,43.6375,42.99,43.0575,2819100,1025745
"2018-01-04 00:00:00",43.135,43.3675,43.02,43.2575,1735700,801765
"2018-01-05 00:00:00",43.36,43.8425,43.2625,43.75,2003100,1480430
"2018-01-08 00:00:00",43.5875,43.9025,43.4825,43.5875,1304300,2993590
"2018-01-09 00:00:00",43.6375,43.765,43.3525,43.5825,942600,3147946
"2018-01-10 00:00:00",43.29,43.575,43.25,43.5725,1925181,1961422
"2018-01-11 00:00:00",43.6475,43.87215,43.6225,43.82,1254395,684481
"2018-01-12 00:00:00",44.045,44.34,43.9125,44.2725,329400,804496
"2018-01-15 00:00:00",,,,,100600,787800
"2018-01-16 00:00:00",44.475,44.8475,44.035,44.0475,1920324,586224
"2018-01-17 00:00:00",44.0375,44.8125,43.7675,44.775,452900,550400
"2018-01-18 00:00:00",44.8425,45.025,44.5625,44.815,1422570,645695
"2018-01-19 00:00:00",44.6525,44.895,44.3525,44.615,1282245,1140029
"2018-01-22 00:00:00",44.325,44.445,44.1504,44.25,803300,1382590
"2018-01-23 00:00:00",44.325,44.86,44.205,44.26,4209816,1109168
"2018-01-24 00:00:00",44.3125,44.325,43.3,43.555,1169042,1724199
"2018-01-25 00:00:00",43.62625,43.7375,42.6325,42.7775,1835201,1781692
"2018-01-26 00:00:00",43,43,42.515,42.8775,887592,751700
"2018-01-29 00:00:00",42.54,42.54,41.7675,41.99,1081287,1234092
"2018-01-30 00:00:00",41.38125,41.8425,41.175,41.7425,3909162,1226201
"2018-01-31 00:00:00",41.7175,42.110425,41.625,41.8575,3081000,4215548
"2018-02-01 00:00:00",41.79125,42.155,41.69,41.945,2032400,2655140
"2018-02-02 00:00:00",41.5,41.7,40.025,40.125,2992601,1990075
"2018-02-05 00:00:00",39.775,40.97,39,39.1225,2723798,2422448
"2018-02-06 00:00:00",38.7075,40.93,38.5,40.7575,4746000,3095248
"2018-02-07 00:00:00",40.77125,40.85,39.767125,39.885,3997900,4738716
"2018-02-08 00:00:00",40.0725,40.25,38.7575,38.7875,3651008,4414670
"2018-02-09 00:00:00",39.2675,39.4725,37.56,39.1025,7565302,6445042
"2018-02-12 00:00:00",39.625,40.9725,39.3775,40.6775,9172162,4271184
"2018-02-13 00:00:00",40.4875,41.1875,40.4125,41.085,4143500,8331000
"2018-02-14 00:00:00",40.76125,41.885,40.72,41.8425,5140663,4003583
"2018-02-15 00:00:00",42.4475,43.2725,42.25,43.2475,4028982,2539564
"2018-02-16 00:00:00",43.09,43.705,42.9425,43.1075,4384296,2015098
"2018-02-19 00:00:00",,,,,1577600,2006502
"2018-02-20 00:00:00",43.0125,43.565,42.855,42.9625,2278948,4489208
"2018-02-21 00:00:00",43.2075,43.53,42.7525,42.7675,3521679,5747686
"2018-02-22 00:00:00",42.95,43.4875,42.9275,43.125,2415498,2969369
"2018-02-23 00:00:00",43.4175,43.9125,43.385,43.875,749093,1509597
"2018-02-26 00:00:00",44.0875,44.8475,44.0525,44.7425,3785678,1936860
"2018-02-27 00:00:00",44.775,45.12,44.54,44.5975,1909808,1791936
"2018-02-28 00:00:00",44.815,45.15375,44.5125,44.53,4427208,2770485
"2018-03-01 00:00:00",44.635,44.94375,43.165,43.75,1902539,2595097
"2018-03-02 00:00:00",43.2,44.075,43.1125,44.0525,4807900,2773663
"2018-03-05 00:00:00",43.8025,44.435,43.63,44.205,2370240,1892227
"2018-03-06 00:00:00",44.4775,44.5625,44.0325,44.1675,2337648,2127023
"2018-03-07 00:00:00",43.735,43.9625,43.5675,43.7575,3949389,972965
"2018-03-08 00:00:00",43.87,44.28,43.7675,44.235,4734345,3716339
"2018-03-09 00:00:00",44.49,45,44.3475,44.995,3318418,2208400
"2018-03-12 00:00:00",45.0725,45.5975,45.0525,45.43,3830271,1886391
"2018-03-13 00:00:00",45.6475,45.875,44.81,44.9925,2163905,3713676
"2018-03-14 00:00:00",45.08,45.13,44.4525,44.61,6347607,2436793
"2018-03-15 00:00:00",44.625,45.06,44.517525,44.6625,1803572,3245499
"2018-03-16 00:00:00",44.6625,44.78,44.405,44.505,2604981,1224559
"2018-03-19 00:00:00",44.33,44.3675,43.415,43.825,2449498,3917873
"2018-03-20 00:00:00",43.81,44.2,43.735,43.81,3684002,10072211
"2018-03-21 00:00:00",43.76,43.7725,42.815,42.8175,2620129,2762794
"2018-03-22 00:00:00",42.5,43.17,42.15,42.2125,3304200,2980462
"2018-03-23 00:00:00",42.0975,42.48,41.235,41.235,1999902,1741700
"2018-03-26 00:00:00",42.0175,43.275,41.61,43.1925,4174428,1898548
"2018-03-27 00:00:00",43.42,43.7875,41.73,42.085,4164607,4057300
"2018-03-28 00:00:00",41.8125,42.505,41.2975,41.62,1439387,1784195
"2018-03-29 00:00:00",41.95125,42.9375,41.725,41.945,1471328,1758312
"2018-03-30 00:00:00",,,,,926123,1666507
"2018-04-02 00:00:00",41.97,42.235,41.1175,41.67,1861683,2555237
"2018-04-03 00:00:00",41.91,42.186375,41.22,42.0975,1542778,2934605
"2018-04-04 00:00:00",41.22,43.0025,41.1925,42.9025,1572254,1768890
"2018-04-05 00:00:00",43.145,43.5576,43.02,43.2,1508701,1345922
"2018-04-06 00:00:00",42.7425,43.12,42.05,42.095,3018123,1202183
"2018-04-09 00:00:00",42.47,43.2725,42.46125,42.5125,2397527,2759258
"2018-04-10 00:00:00",43.25,43.5,42.8825,43.3125,1551649,2119431
"2018-04-11 00:00:00",43.0575,43.4808,42.925,43.11,2494000,1788628
"2018-04-12 00:00:00",43.3525,43.75,43.26,43.535,772300,1628435
"2018-04-13 00:00:00",43.695,43.96,43.4625,43.6825,1146858,1251565
"2018-04-16 00:00:00",43.757525,44.0475,43.707525,43.955,2660000,945450
"2018-04-17 00:00:00",44.1225,44.734125,44.1025,44.56,1159900,679300
"2018-04-18 00:00:00",44.4525,44.705,44.22,44.46,746000,1923186
"2018-04-19 00:00:00",43.7375,43.8475,43.165,43.2,1271500,530800
"2018-04-20 00:00:00",42.64875,42.8046,41.3575,41.43,714100,946600
"2018-04-23 00:00:00",41.70875,41.73,41.0225,41.31,2385700,1492500
"2018-04-24 00:00:00",41.4175,41.5825,40.305025,40.735,4570300,2933700
"2018-04-25 00:00:00",40.655,41.355,40.6025,40.9125,3860910,1062800
"2018-04-26 00:00:00",41.03,41.4325,40.8425,41.055,3202900,1859172
"2018-04-27 00:00:00",41,41.0825,40.1575,40.58,2361044,2538200
"2018-04-30 00:00:00",40.5325,41.815,40.46,41.315,1182816,1736800
"2018-05-01 00:00:00",41.6025,42.3,41.3175,42.275,3638450,3428710
"2018-05-02 00:00:00",43.80625,44.4375,43.45,44.1425,4398000,5531305
"2018-05-03 00:00:00",43.97,44.375,43.610275,44.2225,5919000,5019800
"2018-05-04 00:00:00",44.5625,46.0625,44.5425,45.9575,10844600,7943434
"2018-05-07 00:00:00",46.295,46.9175,46.1875,46.29,1981400,7184673
"2018-05-08 00:00:00",46.2475,46.555,45.91625,46.5125,5618400,6355500
"2018-05-09 00:00:00",46.6375,46.85,46.305,46.84,1819550,3036850
"2018-05-10 00:00:00",46.935,47.5925,46.9125,47.51,1605600,2323450
"2018-05-11 00:00:00",47.3725,47.515,46.8625,47.1475,4134199,4147001
"2018-05-14 00:00:00",47.2525,47.3825,46.965,47.0375,5472891,2613764
"2018-05-15 00:00:00",46.695,46.7675,46.275,46.61,3638954,4848824
"2018-05-16 00:00:00",46.5175,47.115,46.5,47.045,3707400,3992565
"2018-05-17 00:00:00",47,47.2275,46.59,46.7475,1979272,1546722
"2018-05-18 00:00:00",46.7975,46.95255,46.5325,46.5775,2310397,1874900
"2018-05-21 00:00:00",47,47.3175,46.72765,46.9075,1925549,1046845
"2018-05-22 00:00:00",47.09375,47.22,46.695,46.79,2365400,3308408
"2018-05-23 00:00:00",46.5875,47.125,46.44,47.09,729877,2949845
"2018-05-24 00:00:00",47.1925,47.21,46.5525,47.0375,1865370,943363
"2018-05-25 00:00:00",47.0575,47.4125,46.9125,47.145
"2018-05-28 00:00:00",,,,,1865370,943363
"2018-05-29 00:00:00",46.9,47.1875,46.7175,46.975,5287538,1412649
"2018-05-30 00:00:00",46.93,47,46.695,46.875,3081025,3808945
"2018-05-31 00:00:00",46.805,47.0575,46.535,46.7175,1466881,3135810
"2018-06-01 00:00:00",46.99775,47.565,46.9375,47.56,1714856,443201
"2018-06-04 00:00:00",47.90875,48.355,47.8375,47.9575,1479698,2693456
"2018-06-05 00:00:00",48.26625,48.485,48.09,48.3275
"2018-06-06 00:00:00",48.4075,48.52,47.98,48.495,955961,554453
"2018-06-07 00:00:00",48.535,48.55,48.08375,48.365,2816726,927128
"2018-06-08 00:00:00",47.7925,48,47.4425,47.925,2192700,2504730
"2018-06-11 00:00:00",47.8375,47.9925,47.5525,47.8075,3039151,2284811
"2018-06-12 00:00:00",47.84625,48.15275,47.7875,48.07,281152,3560172
"2018-06-13 00:00:00",48.105,48.22,47.61,47.675,3351547,1300004
"2018-06-14 00:00:00",47.8875,47.8925,47.555,47.7,3837785,2702822
"2018-06-15 00:00:00",47.5075,47.54,47.065,47.21,1228141,905342
"2018-06-18 00:00:00",46.97,47.305,46.8,47.185,3361600,2712684
"2018-06-19 00:00:00",46.285,46.5825,45.8625,46.4225,1892900,4783310
"2018-06-20 00:00:00",46.5875,46.8,46.4325,46.625
"2018-06-21 00:00:00",46.8125,47.0875,46.235,46.365,2397026,777980
"2018-06-22 00:00:00",46.53,46.5375,46.175,46.23,2593704,2200613
"2018-06-25 00:00:00",45.85,46.23,45.1825,45.5425,1448185,2793576
"2018-06-26 00:00:00",45.7475,46.6325,45.635,46.1075
"2018-06-27 00:00:00",46.307,46.82,46.0075,46.04,997307,1292722
"2018-06-28 00:00:00",46.025,46.5525,45.95,46.375,1041776,591884
"2018-06-29 00:00:00",46.5725,46.7975,45.7275,46.2775
"2018-07-02 00:00:00",45.955,46.825,45.855,46.795,984805,1006029
"2018-07-03 00:00:00",46.9475,46.9875,45.885,45.98,968049,1359842
"2018-07-04 00:00:00",,,,,1011849,1151442
"2018-07-05 00:00:00",46.315,46.6025,46.07,46.35,1915801,2516761
"2018-07-06 00:00:00",46.355,47.1085,46.3,46.9925,753165,923150
"2018-07-09 00:00:00",47.375,47.67,47.325,47.645,912915,936445
"2018-07-10 00:00:00",47.6775,47.82,47.545025,47.5875,345230,922861
"2018-07-11 00:00:00",47.125,47.444975,46.9025,46.97,365400,754510
"2018-07-12 00:00:00",47.3825,47.8525,47.3275,47.7575,821748,677487
"2018-07-13 00:00:00",47.77,47.96,47.725,47.8325,989868,809699
"2018-07-16 00:00:00",47.88,48.1625,47.60375,47.7275
"2018-07-17 00:00:00",47.4375,47.9675,47.3,47.8625,902500,847194
"2018-07-18 00:00:00",47.945,47.95,47.4825,47.6
"2018-07-19 00:00:00",47.4225,48.1375,47.4225,47.97
"2018-07-20 00:00:00",47.945,48.1075,47.5425,47.86,3920500,892900
"2018-07-23 00:00:00",47.67,47.99,47.39,47.9025,2365840,3122049
"2018-07-24 00:00:00",48.1125,48.415025,48.0125,48.25,193500,1101317
"2018-07-25 00:00:00",48.265,48.7125,48.1075,48.705,415800,923600
"2018-07-26 00:00:00",48.6525,48.99,48.4025,48.5525,353700,1707067
"2018-07-27 00:00:00",48.7475,48.7975,47.525,47.745,1009124,429808
"2018-07-30 00:00:00",47.975,48.05,47.2675,47.4775,1031400,1199185
"2018-07-31 00:00:00",47.575,48.035,47.335,47.5725
"2018-08-01 00:00:00",49.7825,50.44,49.3275,50.375,157071,368216
"2018-08-02 00:00:00",50.145,52.095,50.0875,51.8475,707300,449386
"2018-08-03 00:00:00",51.7575,52.185,51.370075,51.9975
"2018-08-06 00:00:00",52,52.3125,51.7675,52.2675,848400,1453624
"2018-08-07 00:00:00",52.33,52.375,51.69,51.7775,1991600,1340400
"2018-08-08 00:00:00",51.5125,51.9525,51.13,51.8125,352900,1679500
"2018-08-09 00:00:00",51.82,52.445,51.8,52.22,1872322,1848500
"2018-08-10 00:00:00",51.84,52.275,51.6675,51.8825,2841300,1210700
"2018-08-13 00:00:00",51.925,52.738,51.925,52.2175,3350700,1629200
"2018-08-14 00:00:00",52.53875,52.64,52.065,52.4375,1930459,3160700
"2018-08-15 00:00:00",52.305,52.685,52.0825,52.56,467932,787726
"2018-08-16 00:00:00",52.9375,53.453025,52.8675,53.33,2401600,342100
"2018-08-17 00:00:00",53.36,54.4875,53.29,54.395,1195301,2019582
"2018-08-20 00:00:00",54.525,54.795,53.7775,53.865,698100,660900
"2018-08-21 00:00:00",54.2,54.2975,53.50625,53.76,2391424,763924
"2018-08-22 00:00:00",53.525,54.09,53.46,53.7625,2600740,3036247
"2018-08-23 00:00:00",53.6625,54.2625,53.65,53.8725,1258366,1816794
"2018-08-24 00:00:00",54.15,54.225,53.7775,54.04,1367950,1159778
"2018-08-27 00:00:00",54.2875,54.685,54.0825,54.485,2564040,1195329
"2018-08-28 00:00:00",54.7525,55.135,54.73,54.925,4649033,2883194
"2018-08-29 00:00:00",55.0375,55.8725,54.8525,55.745,2038190,2027213
"2018-08-30 00:00:00",55.8125,57.065,55.6,56.2575,1121829,3194764
"2018-08-31 00:00:00",56.6275,57.2175,56.5,56.9075,3039091,493982
"2018-09-03 00:00:00",,,,,1851091,454300
"2018-09-04 00:00:00",57.1025,57.295,56.6575,57.09,2705270,2177396
"2018-09-05 00:00:00",57.2475,57.4175,56.275,56.7175,2337309,4425882
"2018-09-06 00:00:00",56.5575,56.8375,55.325,55.775,1546311,799072
"2018-09-07 00:00:00",55.4625,56.3425,55.1775,55.325,1610800,1381329
"2018-09-10 00:00:00",55.2375,55.4625,54.1175,54.5825,2209643,1909232
"2018-09-11 00:00:00",54.5025,56.07475,54.14,55.9625,6643146,1509942
"2018-09-12 00:00:00",56.235,56.25,54.96,55.2675
"2018-09-13 00:00:00",55.88,57.0875,55.6425,56.6025,3451700,1827368
"2018-09-14 00:00:00",56.4375,56.71,55.6305,55.96,6767902,4416384
"2018-09-17 00:00:00",55.5375,55.7375,54.3175,54.47,3308328,3747402
"2018-09-18 00:00:00",54.4475,55.4625,54.28,54.56,2711910,1161303
"2018-09-19 00:00:00",54.625,54.905,53.825,54.5925,4896570,3195018
"2018-09-20 00:00:00",55.06,55.57,54.7875,55.0075,4481432,3299121
"2018-09-21 00:00:00",55.195,55.34,54.3225,54.415,1560265,1820473
"2018-09-24 00:00:00",54.205,55.315,54.1575,55.1975,3912383,969350
"2018-09-25 00:00:00",54.9375,55.705,54.925,55.5475,2872427,17362155
"2018-09-26 00:00:00",55.25,55.9375,54.94,55.105,1949060,2799321
"2018-09-27 00:00:00",55.955,56.61,55.885,56.2375,2561503,2207987
"2018-09-28 00:00:00",56.1975,56.46,56.005,56.435,3123349,2659319
"2018-10-01 00:00:00",56.9875,57.355,56.5875,56.815,620520,1970042
"2018-10-02 00:00:00",56.8125,57.5,56.6575,57.32,707342,1036972
"2018-10-03 00:00:00",57.5125,58.3675,57.445,58.0175,1966801,1530913
"2018-10-04 00:00:00",57.695,58.0875,56.6825,56.9975,1143798,721802
"2018-10-05 00:00:00",56.99,57.1025,55.145,56.0725,1158800,1311498
"2018-10-08 00:00:00",55.5525,56.2,55.05,55.9425,782900,452800
"2018-10-09 00:00:00",55.91,56.8175,55.56155,56.7175,2686926,1277900
"2018-10-10 00:00:00",56.365,56.5875,54.0125,54.09,567600,2259626
"2018-10-11 00:00:00",53.63,54.875,53.08,53.6125,1064064,1675755
"2018-10-12 00:00:00",55.105,55.72,54.21,55.5275,1443503,1912329
"2018-10-15 00:00:00",55.29,55.4575,54.3175,54.34,3616976,2798688
"2018-10-16 00:00:00",54.7325,55.7475,54.190675,55.5375,599460,1447000
"2018-10-17 00:00:00",55.575,55.66,54.835,55.2975,409500,305788
"2018-10-18 00:00:00",54.465,54.935,53.25,54.005,2294600,374000
"2018-10-19 00:00:00",54.515,55.315,54.3575,54.8275,1549900,1477497
"2018-10-22 00:00:00",54.9475,55.84,54.735,55.1625,3384000,1139300
"2018-10-23 00:00:00",53.9575,55.8125,53.675,55.6825,1552880,776533
"2018-10-24 00:00:00",55.65,56.0575,53.635,53.7725,799500,3156483
"2018-10-25 00:00:00",54.4275,55.345,54.1875,54.95,1993586,744724
"2018-10-26 00:00:00",53.975,55.0475,53.1675,54.075
"2018-10-29 00:00:00",54.7975,54.9225,51.5225,53.06
"2018-10-30 00:00:00",52.7875,53.795,52.3175,53.325
"2018-10-31 00:00:00",54.22,55.1125,54.155,54.715
"2018-11-01 00:00:00",54.7625,55.59,54.2025,55.555
"2018-11-02 00:00:00",52.3875,53.4125,51.3575,51.87
"2018-11-05 00:00:00",51.075,51.0975,49.5425,50.3975,1232570,542770
"2018-11-06 00:00:00",50.48,51.18,50.4225,50.9425,3730451,3999721
"2018-11-07 00:00:00",51.4925,52.515,51.0325,52.4875,1324866,3310432
"2018-11-08 00:00:00",52.495,52.53,51.6875,52.1225,1666159,2931491
"2018-11-09 00:00:00",51.3875,51.5025,50.5625,51.1175,6904539,1430390
"2018-11-12 00:00:00",49.75,49.9625,48.4475,48.5425,6312181,930490
"2018-11-13 00:00:00",47.9075,49.295,47.862525,48.0575,3811306,3757604
"2018-11-14 00:00:00",48.475,48.62,46.4825,46.7,1819600,3980762
"2018-11-15 00:00:00",47.0975,47.9925,46.725,47.8525,2423600,3537261
"2018-11-16 00:00:00",47.625,48.742375,47.365,48.3825,1945600,2194170
"2018-11-19 00:00:00",47.5,47.675,46.2475,46.465,2384098,1789000
"2018-11-20 00:00:00",44.5925,45.3675,43.8775,44.245,4800800,3963496
"2018-11-21 00:00:00",44.9325,45.0675,44.1375,44.195,3942685,3355640
"2018-11-22 00:00:00",,,,,1713092,2596120
"2018-11-23 00:00:00",43.735,44.14875,43.025,43.0725,2013400,2503441
"2018-11-26 00:00:00",43.56,43.7375,42.565,43.655,4469447,2575845
"2018-11-27 00:00:00",42.8775,43.6925,42.72,43.56,3059234,3373960
"2018-11-28 00:00:00",44.1825,45.3225,43.7325,45.235,687714,2451411
"2018-11-29 00:00:00",45.665,45.7,44.425,44.8875,1534093,2408194
"2018-11-30 00:00:00",45.0725,45.0825,44.2575,44.645,2827260,970587
"2018-12-03 00:00:00",46.115,46.235,45.3025,46.205,2030148,2089598
"2018-12-04 00:00:00",45.2375,45.597475,44.0675,44.1725,1591202,1862326
"2018-12-05 00:00:00",,,,,2750238,1399350
"2018-12-06 00:00:00",42.94,43.695,42.605,43.68,799080,2296680
"2018-12-07 00:00:00",43.3725,43.6225,42.075,42.1225,1277071,573660
"2018-12-10 00:00:00",41.25,42.5225,40.8325,42.4,2351405,803469
"2018-12-11 00:00:00",42.915,42.9475,41.75,42.1575,3912435,1603874
"2018-12-12 00:00:00",42.6,42.98,42.255,42.275,931234,2418898
"2018-12-13 00:00:00",42.6225,43.1425,42.3875,42.7375,2652766,1745304
"2018-12-14 00:00:00",42.25,42.27,41.32,41.37,2302629,1351428
"2018-12-17 00:00:00",41.3625,42.0875,40.6825,40.985,1209353,1883695
"2018-12-18 00:00:00",41.345,41.8825,41.0975,41.5175,1585486,1633994
"2018-12-19 00:00:00",41.5,41.8625,39.7725,40.2225,2669662,3315200
"2018-12-20 00:00:00",40.1,40.5275,38.825,39.2075,2480600,652133
"2018-12-21 00:00:00",39.215,39.54,37.4075,37.6825,2806500,2291035
"2018-12-24 00:00:00",37.0375,37.8875,36.6475,36.7075,4768553,1750900
"2018-12-25 00:00:00",,,,,2926800,1723100
"2018-12-26 00:00:00",37.075,39.3075,36.68,39.2925,3893700,5184606
"2018-12-27 00:00:00",38.96,39.1925,37.5175,39.0375,2136941,4309900
"2018-12-28 00:00:00",39.375,39.63,38.6375,39.0575,3641541,3640341
"2018-12-31 00:00:00",39.6325,39.84,39.12,39.435,697504,2755980
"2019-01-01 00:00:00",,,,,858352,2492780
"2019-01-02 00:00:00",38.7225,39.7125,38.5575,39.48,1319352,3802252
"2019-01-03 00:00:00",35.995,36.43,35.5,35.5475,1454128,1421105
"2019-01-04 00:00:00",36.1325,37.137475,35.95,37.065,2120000,991026
"2019-01-07 00:00:00",37.175,37.2075,36.475,36.9825,1806492,2166000
"2019-01-08 00:00:00",37.39,37.955,37.13,37.6875,2545699,2233250
"2019-01-09 00:00:00",37.8225,38.6325,37.4075,38.3275,2466243,1693375
"2019-01-10 00:00:00",38.125,38.4925,37.715,38.45,973853,1828408
"2019-01-11 00:00:00",38.22,38.425,37.8775,38.0725,4030000,968205
"2019-01-14 00:00:00",37.7125,37.8175,37.305,37.5,1378888,2493933
"2019-01-15 00:00:00",37.5675,38.3475,37.5125,38.2675,2324231,1655319
"2019-01-16 00:00:00",38.27,38.97,38.25,38.735,1981030,1607762
"2019-01-17 00:00:00",38.55,39.415,38.315,38.965,353570,1055020
"2019-01-18 00:00:00",39.375,39.47,38.99515,39.205,2090676,1014548
"2019-01-21 00:00:00",,,,,1209173,889000
"2019-01-22 00:00:00",39.1025,39.1825,38.155,38.325,2959300,3657238
"2019-01-23 00:00:00",38.5375,38.785,37.925,38.48,5379600,1804800
"2019-01-24 00:00:00",38.5275,38.62,37.935,38.175,3739300,1131300
"2019-01-25 00:00:00",38.87,39.5325,38.58,39.44,1031891,2508875
"2019-01-28 00:00:00",38.9475,39.0825,38.415,39.075,893143,2567643
"2019-01-29 00:00:00",39.0625,39.5325,38.5275,38.67,3808584,2317250
"2019-01-30 00:00:00",40.8125,41.5375,40.0575,41.3125,3139223,4465528
"2019-01-31 00:00:00",41.5275,42.25,41.14,41.61,2746338,5762138
"2019-02-01 00:00:00",41.74,42.245,41.4825,41.63,2057413,1641707
"2019-02-04 00:00:00",41.8525,42.91375,41.82,42.8125,2316745,1829367
"2019-02-05 00:00:00",43.215,43.77,43.087525,43.545,2058130,4490600
"2019-02-06 00:00:00",43.6625,43.8925,43.213275,43.56,3990500,1324630
"2019-02-07 00:00:00",43.1,43.485,42.585,42.735,2605500,1983170
"2019-02-08 00:00:00",42.2475,42.665,42.105,42.6025,3677230,1861430
"2019-02-11 00:00:00",42.7625,42.8025,42.3125,42.3575,4690927,4497213
"2019-02-12 00:00:00",42.525,42.75,42.425,42.7225,4394570,5716809
"2019-02-13 00:00:00",42.8475,43.12,42.48,42.545,2328998,3632833
"2019-02-14 00:00:00",42.4275,42.815375,42.345,42.7,2094099,1816762
"2019-02-15 00:00:00",42.8125,42.925,42.4375,42.605,2182578,1345260
"2019-02-18 00:00:00",,,,,1918472,1428987
"2019-02-19 00:00:00",42.4275,42.86,42.3725,42.7325,4123521,1842844
"2019-02-20 00:00:00",42.7975,43.33,42.7475,43.0075,3314238,1970890
"2019-02-21 00:00:00",42.95,43.0925,42.575,42.765,1537308,1673438
"2019-02-22 00:00:00",42.895,43.25,42.845,43.2425,1030583,2063708
"2019-02-25 00:00:00",43.54,43.9675,43.4875,43.5575,1718190,606576
"2019-02-26 00:00:00",43.4275,43.825,43.2933,43.5825,1286600,1226570
"2019-02-27 00:00:00",43.3025,43.75,43.1825,43.7175,2431011,2356703
"2019-02-28 00:00:00",43.58,43.7275,43.23,43.2875,35382668,4127615
"2019-03-01 00:00:00",43.57,43.7875,43.2225,43.7425,7012526,10008726
"2019-03-04 00:00:00",43.9225,44.4375,43.4925,43.9625,4228916,5186986
"2019-03-05 00:00:00",43.985,44,43.635,43.8825,2514839,4559913
"2019-03-06 00:00:00",43.6675,43.8725,43.485,43.63,2613844,3579947
"2019-03-07 00:00:00",43.4675,43.61,43.005,43.125,3838978,3794099
"2019-03-08 00:00:00",42.58,43.2675,42.375,43.2275,6661050,3671056
"2019-03-11 00:00:00",43.8725,44.78,43.8375,44.725,3506515,5621542
"2019-03-12 00:00:00",45,45.6675,44.8425,45.2275,2773587,5236685
"2019-03-13 00:00:00",45.5625,45.825,45.23,45.4275,8444458,1949058
"2019-03-14 00:00:00",45.975,46.025,45.64,45.9325,3959679,3151269
"2019-03-15 00:00:00",46.2125,46.8325,45.935,46.53,3660573,8041570
"2019-03-18 00:00:00",46.45,47.0975,46.4475,47.005,4365312,3824803
"2019-03-19 00:00:00",47.0875,47.2475,46.48,46.6325,3828661,11552420
"2019-03-20 00:00:00",46.5575,47.3725,46.1825,47.04,3561123,3638731
"2019-03-21 00:00:00",47.505,49.0825,47.4525,48.7725,2281800,3102885
"2019-03-22 00:00:00",48.835,49.4225,47.695,47.7625,5214901,6322351
"2019-03-25 00:00:00",47.8775,47.995,46.65,47.185,2935832,7861946
"2019-03-26 00:00:00",47.916,48.22,46.145,46.6975,3682872,8173897
"2019-03-27 00:00:00",47.1875,47.44,46.6375,47.1175,3739516,3757534
"2019-03-28 00:00:00",47.2375,47.38975,46.8825,47.18,4308579,5367783
"2019-03-29 00:00:00",47.4575,47.52,47.135,47.4875,3912149,3452820
"2019-04-01 00:00:00",47.91,47.92,47.095,47.81,4794928,4627269
"2019-04-02 00:00:00",47.7725,48.615,47.7625,48.505,1602822,2797370
"2019-04-03 00:00:00",48.3125,49.125,48.2875,48.8375,675158,2865835
"2019-04-04 00:00:00",48.6975,49.0925,48.285,48.9225,2743103,1527115
"2019-04-05 00:00:00",49.1125,49.275,48.9825,49.25,2797087,1656056
"2019-04-08 00:00:00",49.105,50.0575,49.085,50.025,1853569,3178539
"2019-04-09 00:00:00",50.08,50.7125,49.8075,49.875,1114733,3150421
"2019-04-10 00:00:00",49.67,50.185,49.545,50.155,2390513,1889039
"2019-04-11 00:00:00",50.2125,50.25,49.610775,49.7375,2399792,2157526
"2019-04-12 00:00:00",49.8,50.035,49.0525,49.7175,2041161,619599
"2019-04-15 00:00:00",49.645,49.9625,49.5025,49.8075,1020500,2013724
"2019-04-16 00:00:00",49.865,50.3425,49.64,49.8125,301376,3418454
"2019-04-17 00:00:00",49.885,50.845,49.6525,50.7825,1091947,593120
"2019-04-18 00:00:00",50.78,51.0375,50.63,50.965,2066539,1666723
"2019-04-19 00:00:00",,,,,1116800,487566
"2019-04-22 00:00:00",50.7075,51.235,50.585,51.1325,2801119,1513574
"2019-04-23 00:00:00",51.1075,51.9375,50.975,51.87,11408868,10497466
"2019-04-24 00:00:00",51.84,52.12,51.7625,51.79,1250800,5446881
"2019-04-25 00:00:00",51.7075,51.94,51.28,51.32,2511935,3849085
"2019-04-26 00:00:00",51.225,51.25,50.53,51.075,1205346,2511178
"2019-04-29 00:00:00",51.1,51.4925,50.965,51.1525,2442700,4031419
"2019-04-30 00:00:00",50.765,50.85,49.7775,50.1675,1302510,1653631
"2019-05-01 00:00:00",52.47,53.8275,52.3075,52.63,755481,3190909
"2019-05-02 00:00:00",52.46,53.1625,52.0325,52.2875,2097500,1190932
"2019-05-03 00:00:00",52.7225,52.96,52.5575,52.9375,691923,1472066
"2019-05-06 00:00:00",51.0725,52.21,50.875,52.12,430632,1389231
"2019-05-07 00:00:00",51.47,51.854375,50.20625,50.715,400432,1995660
"2019-05-08 00:00:00",50.475,51.335,50.4375,50.725,1145400,476500
"2019-05-09 00:00:00",50.1,50.42,49.165,50.18,1707456,609334
"2019-05-10 00:00:00",49.35475,49.7125,48.1925,49.295,2043944,781601
"2019-05-13 00:00:00",46.9275,47.37,45.7125,46.43,2317200,1307443
"2019-05-14 00:00:00",46.6025,47.425,46.3525,47.165,2947700,3938055
"2019-05-15 00:00:00",46.5675,47.9375,46.505,47.73,3886784,1637268
"2019-05-16 00:00:00",47.4775,48.117225,47.21,47.52,1574800,2325600
"2019-05-17 00:00:00",46.7325,47.725,46.69,47.25,1801220,1294874
"2019-05-20 00:00:00",45.88,46.08725,45.070975,45.7725,2337546,1394100
"2019-05-21 00:00:00",46.305,47,46.175,46.65,2389671,1783900
"2019-05-22 00:00:00",46.165,46.4275,45.6375,45.695,2718918,1885285
"2019-05-23 00:00:00",44.95,45.135,44.4525,44.915,1578471,2048565
"2019-05-24 00:00:00",45.05,45.535,44.655,44.7425,787600,2402854
"2019-05-27 00:00:00",,,,,452600,1929060
"2019-05-28 00:00:00",44.73,45.1475,44.4775,44.5575,905161,875700
"2019-05-29 00:00:00",44.105,44.8375,44,44.345,5114560,476073
"2019-05-30 00:00:00",44.4875,44.8075,44.1675,44.575,2052499,3804930
"2019-05-31 00:00:00",44.0575,44.4975,43.7475,43.7675,2902934,4376524
"2019-06-03 00:00:00",43.9,44.48,42.5675,43.325,1101850,2340935
"2019-06-04 00:00:00",43.86,44.9575,43.63,44.91,6144376,1706327
"2019-06-05 00:00:00",46.07,46.2475,45.285,45.635,2276868,4877126
"2019-06-06 00:00:00",45.77,46.3675,45.537225,46.305,2910617,1694064
"2019-06-07 00:00:00",46.6275,47.98,46.4425,47.5375,4801981,3124356
"2019-06-10 00:00:00",47.9525,48.8425,47.905,48.145,2406301,1457990
"2019-06-11 00:00:00",48.715,49,48.4,48.7025,2342256,2622936
"2019-06-12 00:00:00",48.4875,48.9925,48.34625,48.5475,912148,3164166
"2019-06-13 00:00:00",48.675,49.1975,48.4,48.5375,2929700,2774764
"2019-06-14 00:00:00",47.88625,48.396575,47.575,48.185,2616113,2542876
"2019-06-17 00:00:00",48.225,48.74,48.0425,48.4725,1772037,1779751
"2019-06-18 00:00:00",49.0125,50.0725,48.8025,49.6125,1839483,2779885
"2019-06-19 00:00:00",49.92,49.97,49.3275,49.4675,1469400,1399312
"2019-06-20 00:00:00",50.0925,50.1525,49.5075,49.865
"2019-06-21 00:00:00",49.7,50.2125,49.5375,49.695
"2019-06-24 00:00:00",49.635,50.04,49.5425,49.645,3057942,2327207
"2019-06-25 00:00:00",49.6075,49.815,48.8225,48.8925,2445811,6750495
"2019-06-26 00:00:00",49.4425,50.2475,49.3375,49.95,978454,2286526
"2019-06-27 00:00:00",50.0725,50.3925,49.8925,49.935,857258,2391444
"2019-06-28 00:00:00",49.67,49.87375,49.2625,49.48,2374987,2005443
"2019-07-01 00:00:00",50.7925,51.1225,50.1625,50.3875,306404,608542
"2019-07-02 00:00:00",50.3525,50.783075,50.34,50.6825,1689618,824685
"2019-07-03 00:00:00",50.82,51.11,50.672525,51.1025,1022408,1682485
"2019-07-04 00:00:00",,,,,1018788,1345539
"2019-07-05 00:00:00",50.8375,51.27,50.725,51.0575,849071,145558
"2019-07-08 00:00:00",50.2025,50.35,49.6025,50.005,204100,2064618
"2019-07-09 00:00:00",49.8,50.3775,49.7025,50.31,783500,501972
"2019-07-10 00:00:00",50.4625,50.9325,50.39,50.8075,2987216,2836758
"2019-07-11 00:00:00",50.8275,51.0975,50.4275,50.4375
"2019-07-12 00:00:00",50.6125,51,50.55,50.825,604070,539161
"2019-07-15 00:00:00",51.0225,51.4675,51,51.3025,1051530,1908560
"2019-07-16 00:00:00",51.1475,51.5275,50.875,51.125,519110,742651
"2019-07-17 00:00:00",51.0125,51.272875,50.8175,50.8375,813186,703877
"2019-07-18 00:00:00",51,51.47,50.925,51.415,1244800,524695
"2019-07-19 00:00:00",51.4475,51.625,50.59,50.6475,572700,463696
"2019-07-22 00:00:00",50.9125,51.8075,50.9025,51.805,2232848,557048
"2019-07-23 00:00:00",52.115,52.2275,51.8225,52.21,1437313,2297436
"2019-07-24 00:00:00",51.9175,52.2875,51.7925,52.1675,909100,582387
"2019-07-25 00:00:00",52.2225,52.31,51.6825,51.755,1774600,1206724
"2019-07-26 00:00:00",51.87,52.4325,51.785,51.935,1000322,400300
"2019-07-29 00:00:00",52.115,52.66,52.11,52.42,1118723,1773248
"2019-07-30 00:00:00",52.19,52.54,51.8275,52.195
"2019-07-31 00:00:00",54.105,55.3425,52.825,53.26,615706,517070
"2019-08-01 00:00:00",53.475,54.5075,51.685875,52.1075,1266400,1422048
"2019-08-02 00:00:00",51.3825,51.6075,50.4075,51.005,2122043,860300
"2019-08-05 00:00:00",49.4975,49.66225,48.145,48.335,638952,1682400
"2019-08-06 00:00:00",49.0775,49.51675,48.51,49.25,1827552,1302300
"2019-08-07 00:00:00",48.8525,49.89,48.455,49.76,1180419,2611035
"2019-08-08 00:00:00",50.05,50.8825,49.8475,50.8575,1422700,858476
"2019-08-09 00:00:00",50.325,50.69,49.8225,50.2475,4981100,1729400
"2019-08-12 00:00:00",49.905,50.5129,49.7875,50.12,6566076,2506587
"2019-08-13 00:00:00",50.255,53.035,50.2075,52.2425,4763116,7139876
"2019-08-14 00:00:00",50.79,51.61,50.646725,50.6875,1775000,1649400
"2019-08-15 00:00:00",50.865,51.285,49.9175,50.435,2296600,996400
"2019-08-16 00:00:00",51.07,51.79,50.96,51.625,1888395,3376200
"2019-08-19 00:00:00",52.655,53.182675,52.50625,52.5875,904544,1674800
"2019-08-20 00:00:00",52.72,53.3375,52.58,52.59,1915448,655500
"2019-08-21 00:00:00",53.2475,53.4125,52.9008,53.16,1291419,1016529
"2019-08-22 00:00:00",53.2975,53.60875,52.6875,53.115,625166,1169284
"2019-08-23 00:00:00",52.3575,53.01275,50.25,50.66,1859481,648896
"2019-08-26 00:00:00",51.465,51.7975,51.264325,51.6225,3586400,1724091
"2019-08-27 00:00:00",51.965,52.1375,50.8825,51.04,4227800,2934973
"2019-08-28 00:00:00",51.025,51.43,50.83,51.3825,2879225,1030400
"2019-08-29 00:00:00",52.125,52.33,51.66375,52.2525,817726,1337010
"2019-08-30 00:00:00",52.54,52.6125,51.8,52.185,711700,1909091
"2019-09-02 00:00:00",,,,,581500,1497291
"2019-09-03 00:00:00",51.6075,51.745,51.055,51.425,1412926,1532434
"2019-09-04 00:00:00",52.0975,52.37,51.83,52.2975,1818095,1997780
"2019-09-05 00:00:00",53,53.4925,52.8775,53.32,2381123,2180800
"2019-09-06 00:00:00",53.5125,53.605,53.1275,53.315,958321,1034915
"2019-09-09 00:00:00",53.71,54.11,52.7675,53.5425,2213600,2798358
"2019-09-10 00:00:00",53.465,54.195,52.9275,54.175,1168100,1929400
"2019-09-11 00:00:00",54.5175,55.9275,54.4325,55.8975,368807,537726
"2019-09-12 00:00:00",56.2,56.605,55.715,55.77125,1383443,1271801
"2019-09-13 00:00:00",55,55.1975,54.255,54.6875,1526166,1614811
"2019-09-16 00:00:00",54.4325,55.0325,54.39,54.975,1164098,1661596
"2019-09-17 00:00:00",54.99,55.205,54.78,55.175,2174307,3219879
"2019-09-18 00:00:00",55.265,55.7125,54.86,55.6925,1629981,1974339
"2019-09-19 00:00:00",55.5025,55.94,55.0925,55.24,1479732,2486733
"2019-09-20 00:00:00",55.345,55.64,54.36825,54.4325,2305500,1399299
"2019-09-23 00:00:00",54.7375,54.96,54.4125,54.68,3870074,2035894
"2019-09-24 00:00:00",55.2575,55.6225,54.2975,54.42,783200,4775378
"2019-09-25 00:00:00",54.6375,55.375,54.28505,55.2575,1192405,1204159
"2019-09-26 00:00:00",55,55.235,54.7075,54.9725,1590976,1922461
"2019-09-27 00:00:00",55.135,55.24,54.32035,54.705,1524775,599600
"2019-09-30 00:00:00",55.225,56.145,55.1975,55.9925,2121097,1965304
"2019-10-01 00:00:00",56.2675,57.055,56.05,56.1475,2623900,2060724
"2019-10-02 00:00:00",55.765,55.895,54.4825,54.74,1921553,1833773
"2019-10-03 00:00:00",54.6075,55.24,53.783,55.205,1316073,1994900
"2019-10-04 00:00:00",56.41,56.8725,55.9725,56.7525,1342935,350700
"2019-10-07 00:00:00",56.5675,57.4825,56.46,56.765,1012000,1257629
"2019-10-08 00:00:00",56.455,57.015,56.0825,56.1,824100,1501395
"2019-10-09 00:00:00",56.7575,56.9475,56.41,56.7575,1077835,1294183
"2019-10-10 00:00:00",56.9825,57.61,56.825,57.5225,1228000,1255845
"2019-10-11 00:00:00",58.2375,59.41,58.076875,59.0525,628811,1068441
"2019-10-14 00:00:00",58.725,59.53355,58.667525,58.9675,447913,1065668
"2019-10-15 00:00:00",59.0975,59.4125,58.72,58.83,1236184,1806275
"2019-10-16 00:00:00",58.3425,58.81,58.3,58.5925,1556565,1843819
"2019-10-17 00:00:00",58.7725,59.0375,58.38,58.82,763670,1077004
"2019-10-18 00:00:00",58.6475,59.395,58.5725,59.1025,340677,910462
"2019-10-21 00:00:00",59.38,60.2475,59.33,60.1275,1237908,655837
"2019-10-22 00:00:00",60.29,60.55,59.90545,59.99,823234,1737158
"2019-10-23 00:00:00",60.525,60.81,60.305,60.795,844235,691680
"2019-10-24 00:00:00",61.1275,61.2,60.45125,60.895,1010764,421158
"2019-10-25 00:00:00",60.79,61.6825,60.72,61.645,1062332,499952
"2019-10-28 00:00:00",61.855,62.3125,61.68,62.2625,2207963,1482055
"2019-10-29 00:00:00",62.2425,62.4375,60.6425,60.8225,1010662,1728035
"2019-10-30 00:00:00",61.19,61.325,60.3025,60.815,2023625,1104313
"2019-10-31 00:00:00",61.81,62.2925,59.315,62.19,815054,1978130
"2019-11-01 00:00:00",62.385,63.9825,62.29,63.955,1357911,1272363
"2019-11-04 00:00:00",64.3325,64.46125,63.845,64.375,523905,1743219
"2019-11-05 00:00:00",64.2625,64.5475,64.08,64.2825,1358026,1792515
"2019-11-06 00:00:00",64.1925,64.3725,63.84125,64.31,1246800,886445
"2019-11-07 00:00:00",64.685,65.0875,64.5275,64.8575,2289242,1002946
"2019-11-08 00:00:00",64.6725,65.11,64.2125,65.035,13830632,2175100
"2019-11-11 00:00:00",64.575,65.6175,64.57,65.55,9665660,1205300
"2019-11-12 00:00:00",65.3875,65.6975,65.23,65.49,3710866,14255946
"2019-11-13 00:00:00",65.2825,66.195,65.2675,66.1175,2160584,2632605
"2019-11-14 00:00:00",65.9375,66.22,65.525,65.66
"2019-11-15 00:00:00",65.92,66.445,65.7525,66.44,1875681,2719138
"2019-11-18 00:00:00",66.45,66.8575,66.0575,66.775,1804785,2115910
"2019-11-19 00:00:00",66.975,67,66.34815,66.5725,2710636,1220252
"2019-11-20 00:00:00",66.385,66.52075,65.1,65.7975,843538,2510574
"2019-11-21 00:00:00",65.9225,66.00125,65.295,65.5025,858006,630300
"2019-11-22 00:00:00",65.6475,65.795,65.21,65.445,15301865,1075047
"2019-11-25 00:00:00",65.6775,66.61,65.63,66.5925,2613045,9315061
"2019-11-26 00:00:00",66.735,66.79,65.625,66.0725,1091136,2258166
"2019-11-27 00:00:00",66.395,66.995,66.3275,66.96,1505939,2296750
"2019-11-28 00:00:00",,,,,581339,647920
"2019-11-29 00:00:00",66.65,67,66.475,66.8125,592941,4263837
"2019-12-02 00:00:00",66.8175,67.0625,65.8625,66.04,351127,1415005
"2019-12-03 00:00:00",64.5775,64.8825,64.0725,64.8625,3048287,620351
"2019-12-04 00:00:00",65.2675,65.8275,65.17,65.435,2375360,2192228
"2019-12-05 00:00:00",65.9475,66.4725,65.6825,66.395,2064988,2889862
"2019-12-06 00:00:00",66.87,67.75,66.825,67.6775,565507,1227933
"2019-12-09 00:00:00",67.5,67.7,66.2275,66.73,726763,1081524
"2019-12-10 00:00:00",67.15,67.5175,66.465,67.12,1306683,1827095
"2019-12-11 00:00:00",67.2025,67.775,67.125,67.6925,1129973,1392659
"2019-12-12 00:00:00",66.945,68.139975,66.83025,67.865,1290858,1833331
"2019-12-13 00:00:00",67.865,68.825,67.7325,68.7875,1522969,1605479
"2019-12-16 00:00:00",69.25,70.1975,69.245,69.965,2610689,1228918
"2019-12-17 00:00:00",69.8925,70.4425,69.7,70.1025,2050180,1851618
"2019-12-18 00:00:00",69.95,70.475,69.78,69.935,1431693,1941878
"2019-12-19 00:00:00",69.875,70.295,69.7375,70.005,3372717,2187381
"2019-12-20 00:00:00",70.5575,70.6625,69.64,69.86,2050486,470929
"2019-12-23 00:00:00",70.1325,71.0625,70.093375,71,2132858,1204551
"2019-12-24 00:00:00",71.1725,71.2225,70.729925,71.0675
"2019-12-25 00:00:00",,,,,1891732,2826712
"2019-12-26 00:00:00",71.205,72.495,71.175,72.4775,1950610,1208989
"2019-12-27 00:00:00",72.78,73.4925,72.03,72.45
"2019-12-30 00:00:00",72.365,73.1725,71.305,72.88,945450,2228510
"2019-12-31 00:00:00",72.4825,73.42,72.38,73.4125,1264896,1747055
"2020-01-01 00:00:00",,,,,1328000,1459462
"2020-01-02 00:00:00",74.06,75.15,73.7975,75.0875,1401188,1156158
"2020-01-03 00:00:00",74.2875,75.145,74.125,74.3575,508409,1155976
"2020-01-06 00:00:00",73.4475,74.99,73.1875,74.95,1247409,731023
"2020-01-07 00:00:00",74.96,75.225,74.37,74.5975,1348407,1522106
"2020-01-08 00:00:00",74.29,76.109975,74.289,75.7975,223106,1167090
"2020-01-09 00:00:00",76.80875,77.6075,76.55,77.4075,1060700,553100
"2020-01-10 00:00:00",77.65,78.1675,77.0625,77.5825,686318,865510
"2020-01-13 00:00:00",77.91,79.2675,77.7875,79.24,1198494,580500
"2020-01-14 00:00:00",79.175,79.3925,78.0425,78.17,1432070,1009268
"2020-01-15 00:00:00",77.9625,78.875,77.3875,77.835,2291067,1446249
"2020-01-16 00:00:00",78.3975,78.925,78.0225,78.81,1264264,1497070
"2020-01-17 00:00:00",79.0675,79.685,78.75,79.6825,921298,1731128
"2020-01-20 00:00:00",,,,,838378,1678763
"2020-01-21 00:00:00",79.2975,79.755,79,79.1425,560399,1024245
"2020-01-22 00:00:00",79.645,79.9975,79.3275,79.425,7960319,2303513
"2020-01-23 00:00:00",79.48,79.89,78.9125,79.8075,1109800,1778132
"2020-01-24 00:00:00",80.0625,80.8325,79.3797,79.5775,903897,2993386
"2020-01-27 00:00:00",77.515,77.9425,76.22,77.2375,390416,1527178
"2020-01-28 00:00:00",78.15,79.6,78.0475,79.4225,1348500,974156
"2020-01-29 00:00:00",81.1125,81.9625,80.345,81.085,811392,1493425
"2020-01-30 00:00:00",80.136,81.0225,79.6875,80.9675,1027040,1258264
"2020-01-31 00:00:00",80.2325,80.67,77.0725,77.3775,1401808,1554456
"2020-02-03 00:00:00",76.075,78.3725,75.555,77.165,692032,1670288
"2020-02-04 00:00:00",78.8275,79.91,78.408625,79.7125,235800,1260742
"2020-02-05 00:00:00",80.88,81.19,79.7375,80.3625,932277,590726
"2020-02-06 00:00:00",80.6425,81.305,80.0662,81.3025,3570893,1888638
"2020-02-07 00:00:00",80.5925,80.85,79.5,80.0075,1916298,759167
"2020-02-10 00:00:00",78.545,80.3875,78.4625,80.3875,10908010,930046
"2020-02-11 00:00:00",80.9,80.975,79.6775,79.9025,1701266,10190439
"2020-02-12 00:00:00",80.3675,81.805,80.3675,81.8,1642478,730125
"2020-02-13 00:00:00",81.0475,81.555,80.8375,81.2175,398004,1322757
"2020-02-14 00:00:00",81.185,81.495,80.7125,81.2375,638448,2906798
"2020-02-17 00:00:00",,,,,456620,2904298
"2020-02-18 00:00:00",78.84,79.9375,78.6525,79.75,1723962,1599515
"2020-02-19 00:00:00",80,81.1425,80,80.905,523195,1184429
"2020-02-20 00:00:00",80.6575,81.1625,79.5525,80.075,2233199,920007
"2020-02-21 00:00:00",79.655,80.1125,77.625,78.2625,814390,874069
"2020-02-24 00:00:00",74.315,76.045,72.3075,74.545,786053,1923503
"2020-02-25 00:00:00",75.2375,75.6325,71.5325,72.02,2005327,1267152
"2020-02-26 00:00:00",71.6325,74.47,71.625,73.1625,1965397,2611452
"2020-02-27 00:00:00",70.275,71.5,68.24,68.38,1602049,633771
"2020-02-28 00:00:00",64.315,69.6025,64.0925,68.34,1639600,673185
"2020-03-02 00:00:00",70.57,75.36,69.43,74.7025,2073494,1937940
"2020-03-03 00:00:00",75.9175,76,71.45,72.33,1381715,2382243
"2020-03-04 00:00:00",74.11,75.85,73.2825,75.685,3088754,2024391
"2020-03-05 00:00:00",73.88,74.8875,72.8525,73.23,4099774,2708830
"2020-03-06 00:00:00",70.5,72.705,70.3075,72.2575,4014537,3019389
"2020-03-09 00:00:00",65.9375,69.5225,65.75,66.5425,3107988,2508276
"2020-03-10 00:00:00",69.285,71.61,67.3425,71.335,4281665,2735143
"2020-03-11 00:00:00",69.3475,70.305,67.965,68.8575,2892621,1454698
"2020-03-12 00:00:00",63.985,67.5,62,62.0575,2948545,3446836
"2020-03-13 00:00:00",66.2225,69.98,63.2375,69.4925,5339981,1607964
"2020-03-16 00:00:00",60.4875,64.77,60,60.5525,3430202,3025094
"2020-03-17 00:00:00",61.8775,64.4025,59.6,63.215,3906984,3907892
"2020-03-18 00:00:00",59.9425,62.5,59.28,61.6675,6381425,3407937
"2020-03-19 00:00:00",61.84625,63.21,60.6525,61.195,5010601,5210231
"2020-03-20 00:00:00",61.795,62.9575,57,57.31,2348667,1854224
"2020-03-23 00:00:00",57.02,57.124925,53.1525,56.0925,6140447,3399031
"2020-03-24 00:00:00",59.09,61.9225,58.575,61.72,6837902,6895391
"2020-03-25 00:00:00",62.6875,64.5625,61.075,61.38,3046876,6169156
"2020-03-26 00:00:00",61.63,64.67,61.59,64.61,1939559,4442048
"2020-03-27 00:00:00",63.1875,63.9675,61.7625,61.935,3426755,3653367
"2020-03-30 00:00:00",62.685,63.88,62.35,63.7025,5661733,5313116
"2020-03-31 00:00:00",63.9,65.6225,63,63.5725,2997946,8274501
"2020-04-01 00:00:00",61.625,62.18,59.7825,60.2275,1374343,1656290
"2020-04-02 00:00:00",60.085,61.2875,59.225,61.2325,1150521,2034078
"2020-04-03 00:00:00",60.7,61.425,59.743525,60.3525,2379429,1896110
"2020-04-06 00:00:00",62.725,65.7775,62.345,65.6175,1888160,2772901
"2020-04-07 00:00:00",67.7,67.925,64.75,64.8575,1494842,2153168
"2020-04-08 00:00:00",65.685,66.8425,65.3075,66.5175,815839,2477880
"2020-04-09 00:00:00",67.175,67.5175,66.175,66.9975,2557304,1894787
"2020-04-10 00:00:00",,,,,1995204,1711065
"2020-04-13 00:00:00",67.0775,68.425,66.4575,68.3125,1682220,561817
"2020-04-14 00:00:00",70,72.0625,69.5125,71.7625,1284081,1869600
"2020-04-15 00:00:00",70.6,71.5825,70.1575,71.1075,2566298,1787200
"2020-04-16 00:00:00",71.845,72.049375,70.58755,71.6725,1016042,1393800
"2020-04-17 00:00:00",71.1725,71.73625,69.215,70.7,1193900,767879
"2020-04-20 00:00:00",69.4875,70.42,69.2125,69.2325,649812,3297854
"2020-04-21 00:00:00",69.07,69.3125,66.3575,67.0925,2264348,1330100
"2020-04-22 00:00:00",68.4025,69.475,68.05,69.025,1794413,2427703
"2020-04-23 00:00:00",68.9675,70.4375,68.7175,68.7575,563477,1871076
"2020-04-24 00:00:00",69.3,70.7525,69.25,70.7425,1455053,885087
"2020-04-27 00:00:00",70.45,71.135,69.9875,70.7925,650963,873743
"2020-04-28 00:00:00",71.27,71.4575,69.55,69.645,954180,881020
"2020-04-29 00:00:00",71.1825,72.4175,70.9725,71.9325,1533968,1316481
"2020-04-30 00:00:00",72.49,73.6325,72.0875,73.45,1527600,1124745
"2020-05-01 00:00:00",71.5625,74.75,71.4625,72.2675,872041,454933
"2020-05-04 00:00:00",72.2925,73.4225,71.5793,73.29,2763683,847326
"2020-05-05 00:00:00",73.765,75.25,73.615,74.39,820399,7221345
"2020-05-06 00:00:00",75.115,75.81,74.7175,75.1575,1071255,605689
"2020-05-07 00:00:00",75.805,76.2925,75.4925,75.935,1396052,501172
"2020-05-08 00:00:00",76.41,77.5875,76.0725,77.5325,1618452,685422
"2020-05-11 00:00:00",77.025,79.2625,76.81,78.7525,5794682,2117520
"2020-05-12 00:00:00",79.4575,79.922,77.7275,77.8525,782893,7603110
"2020-05-13 00:00:00",78.0375,78.9875,75.8025,76.9125,3236304,715728
"2020-05-14 00:00:00",76.1275,77.4475,75.3825,77.385,3069844,781926
"2020-05-15 00:00:00",75.0875,76.975,75.0525,76.9275,1193619,1894045
"2020-05-18 00:00:00",78.2925,79.125,77.581025,78.74,1851411,1468809
"2020-05-19 00:00:00",78.7575,79.63,78.2525,78.285,2228329,1806989
"2020-05-20 00:00:00",79.17,79.88,79.05,79.8075,2589416,1738661
"2020-05-21 00:00:00",79.665,80.2225,78.9675,79.2125,1534596,1377728
"2020-05-22 00:00:00",78.9425,79.8075,78.8375,79.7225,1049906,1321237
"2020-05-25 00:00:00",,,,,1284599,830801
"2020-05-26 00:00:00",80.875,81.06,79.125,79.1825,1537410,2083311
"2020-05-27 00:00:00",79.035,79.6775,78.2725,79.5275,1482397,1301578
"2020-05-28 00:00:00",79.1925,80.86,78.9075,79.5625,9453089,1479032
"2020-05-29 00:00:00",79.8125,80.2875,79.1175,79.485,2719866,2357209
"2020-06-01 00:00:00",79.4375,80.5875,79.3025,80.4625,3832224,2376608
"2020-06-02 00:00:00",80.18625,80.86,79.7325,80.835,574411,3594424
"2020-06-03 00:00:00",81.165,81.55,80.575,81.28,1780111,1424761
"2020-06-04 00:00:00",81.0975,81.405,80.195,80.58,1546010,1473673
"2020-06-05 00:00:00",80.8375,82.9375,80.8075,82.875,2392111,3481881
"2020-06-08 00:00:00",82.5625,83.4,81.83,83.365,1779691,1283053
"2020-06-09 00:00:00",83.035,86.4025,83.0025,85.9975,1400366,464810
"2020-06-10 00:00:00",86.975,88.6925,86.5225,88.21,993205,1393687
"2020-06-11 00:00:00",87.3275,87.765,83.87,83.975,1967290,1004540
"2020-06-12 00:00:00",86.18,86.95,83.555825,84.7,3344800,1218862
"2020-06-15 00:00:00",83.3125,86.42,83.145,85.7475,1040236,4937830
"2020-06-16 00:00:00",87.865,88.3,86.18,88.02,2030734,1284664
"2020-06-17 00:00:00",88.7875,88.85,87.7725,87.8975,1028451,767872
"2020-06-18 00:00:00",87.8525,88.3625,87.305,87.9325,2314815,748972
"2020-06-19 00:00:00",88.65875,89.14,86.2875,87.43,695063,1621302
"2020-06-22 00:00:00",87.835,89.865,87.7875,89.7175,1576365,1868136
"2020-06-23 00:00:00",91,93.095,90.567525,91.6325,1733199,2706062
"2020-06-24 00:00:00",91.25,92.1975,89.63,90.015,904603,1373572
"2020-06-25 00:00:00",90.175,91.25,89.3925,91.21,1418667,446388
"2020-06-26 00:00:00",91.1025,91.33,88.255,88.4075,907221,2746836
"2020-06-29 00:00:00",88.3125,90.5434,87.82,90.445,861784,1937346
"2020-06-30 00:00:00",90.02,91.495,90,91.2,149697,1989219
"2020-07-01 00:00:00",91.28,91.84,90.9775,91.0275,503510,1379564
"2020-07-02 00:00:00",91.9625,92.6175,90.91,91.0275,1469950,1420341
"2020-07-03 00:00:00",,,,,1243109,1276100
"2020-07-06 00:00:00",92.5,93.945,92.4675,93.4625,417526,692413
"2020-07-07 00:00:00",93.8525,94.655,93.0575,93.1725,363959,542232
"2020-07-08 00:00:00",94.18,95.375,94.09,95.3425,804505,563036
"2020-07-09 00:00:00",96.2625,96.3175,94.6725,95.6825,2615960,1249414
"2020-07-10 00:00:00",95.335,95.98,94.705175,95.92,1498802,1505453
"2020-07-13 00:00:00",97.265,99.955,95.2575,95.4775,2394092,1642086
"2020-07-14 00:00:00",94.84,97.255,93.8775,97.0575,818129,2015919
"2020-07-15 00:00:00",98.99,99.2475,96.49,97.725,1160130,1528442
"2020-07-16 00:00:00",96.5625,97.405,95.905,96.5225,1379237,1252955
"2020-07-17 00:00:00",96.9875,97.1475,95.84,96.3275,568611,987725
"2020-07-20 00:00:00",96.41625,98.5,96.0625,98.3575,1110726,2109648
"2020-07-21 00:00:00",99.1725,99.25,96.7425,97,936411,3453685
"2020-07-22 00:00:00",96.6925,97.975,96.6025,97.2725,724128,400254
"2020-07-23 00:00:00",96.9985,97.0775,92.00975,92.845,392114,779592
"2020-07-24 00:00:00",90.9875,92.97,89.145,92.615,1443907,839282
"2020-07-27 00:00:00",93.71,94.905,93.48,94.81,1228643,805856
"2020-07-28 00:00:00",94.3675,94.54965,93.2475,93.2525,1072853,779540
"2020-07-29 00:00:00",93.75,95.23,93.7125,95.04,968936,1446820
"2020-07-30 00:00:00",94.1875,96.2975,93.7675,96.19,727998,716064
"2020-07-31 00:00:00",102.88375,106.415,100.825,106.26,460853,515686
"2020-08-03 00:00:00",108.2,111.636425,107.8925,108.9375,297083,972169
"2020-08-04 00:00:00",109.1325,110.79,108.3875,109.665,2063811,2873777
"2020-08-05 00:00:00",109.3775,110.3925,108.8975,110.0625,950976,2504298
"2020-08-06 00:00:00",110.405,114.4125,109.7975,113.9025,1027750,959360
"2020-08-07 00:00:00",113.205,113.675,110.2925,111.1125,497611,1150910
"2020-08-10 00:00:00",112.6,113.775,110,112.7275,6231527,2139440
"2020-08-11 00:00:00",111.96875,112.4825,109.106675,109.375,1774465,5014026
"2020-08-12 00:00:00",110.4975,113.275,110.2975,113.01,1655498,2282205
"2020-08-13 00:00:00",114.43,116.0425,113.9275,115.01,1086524,1864798
"2020-08-14 00:00:00",114.82875,115,113.045,114.9075,1264787,1596826
"2020-08-17 00:00:00",116.0625,116.0875,113.962525,114.6075,629463,472514
"2020-08-18 00:00:00",114.3525,116,114.0075,115.5625,2022053,965260
"2020-08-19 00:00:00",115.98325,117.1625,115.61,115.7075,795286,1671782
"2020-08-20 00:00:00",115.75,118.392,115.733375,118.275,643270,891180
"2020-08-21 00:00:00",119.2625,124.868,119.25,124.37,454723,587806
"2020-08-24 00:00:00",128.6975,128.785,123.93625,125.8575,1276707,623136
"2020-08-25 00:00:00",124.6975,125.1793,123.0525,124.825,751953,1159493
"2020-08-26 00:00:00",126.17925,126.9925,125.0825,126.5225,2136411,766993
"2020-08-27 00:00:00",127.1425,127.485,123.8325,125.01,2100748,1263734
"2020-08-28 00:00:00",126.0125,126.4425,124.5775,124.8075,1495391,1411339
"2020-08-31 00:00:00",127.58,131,126,129.04,1604082,1392268
"2020-09-01 00:00:00",132.76,134.8,130.53,134.18,4164889,1281614
"2020-09-02 00:00:00",137.59,137.98,127,131.4,20170389,4123048
"2020-09-03 00:00:00",126.91,128.84,120.5,120.88,4497410,7059090
"2020-09-04 00:00:00",120.07,123.7,110.89,120.96,6527111,3417346
"2020-09-07 00:00:00",,,,,6526711,3399946
"2020-09-08 00:00:00",113.95,118.99,112.68,112.82,7881527,3210969
"2020-09-09 00:00:00",117.26,119.14,115.26,117.32,6260197,6561786
"2020-09-10 00:00:00",120.36,120.5,112.5,113.49,6194088,5472839
"2020-09-11 00:00:00",114.57,115.23,110,112,4070255,4181048
"2020-09-14 00:00:00",114.72,115.93,112.8,115.355,3348612,3497098
"2020-09-15 00:00:00",118.33,118.829,113.61,115.54,2368814,4282479
"2020-09-16 00:00:00",115.23,116,112.04,112.13,5080299,2625708
"2020-09-17 00:00:00",109.72,112.2,108.71,110.34,6478036,4365719
"2020-09-18 00:00:00",110.4,110.88,106.09,106.84,6093208,3764421
"2020-09-21 00:00:00",104.54,110.19,103.1,110.08,11435920,2901544
"2020-09-22 00:00:00",112.68,112.86,109.16,111.81,12706573,17759531
"2020-09-23 00:00:00",111.62,112.11,106.77,107.12,6167475,9313595
"2020-09-24 00:00:00",105.17,110.25,105,108.22,7189724,7149986
"2020-09-25 00:00:00",108.43,112.44,107.67,112.28,2358511,3439324
"2020-09-28 00:00:00",115.01,115.32,112.78,114.96,2367811,3558368
"2020-09-29 00:00:00",114.55,115.31,113.57,114.09,3021806,3256311
"2020-09-30 00:00:00",113.79,117.26,113.62,115.81,4132528,1752911
"2020-10-01 00:00:00",117.64,117.72,115.83,116.79,2368454,2324113
"2020-10-02 00:00:00",112.89,115.37,112.22,113.02,1381395,2788922
"2020-10-05 00:00:00",113.91,116.65,113.55,116.5,2382394,1151908
"2020-10-06 00:00:00",115.7,116.12,112.25,113.16,2049242,896476
"2020-10-07 00:00:00",114.62,115.55,114.13,115.08,2989814,4219937
"2020-10-08 00:00:00",116.25,116.4,114.5901,114.97,3802661,3625306
"2020-10-09 00:00:00",115.28,117,114.92,116.97,1896243,4018960
"2020-10-12 00:00:00",120.06,125.18,119.2845,124.4,1723899,2937201
"2020-10-13 00:00:00",125.27,125.39,119.65,121.1,2336190,2812728
"2020-10-14 00:00:00",121,123.03,119.62,121.19,2595588,3356511
"2020-10-15 00:00:00",118.72,121.2,118.15,120.71,2981365,1163840
"2020-10-16 00:00:00",121.28,121.548,118.81,119.02,4219589,1972915
"2020-10-19 00:00:00",119.96,120.419,115.66,115.98,3195177,2110673
"2020-10-20 00:00:00",116.2,118.98,115.63,117.51,1536225,3343756
"2020-10-21 00:00:00",116.67,118.705,116.45,116.87,3352042,2074503
"2020-10-22 00:00:00",117.45,118.04,114.59,115.75,1382804,1784102
"2020-10-23 00:00:00",116.39,116.55,114.28,115.04,3404214,2209490
"2020-10-26 00:00:00",114.01,116.55,112.88,115.05,1540216,3023195
"2020-10-27 00:00:00",115.49,117.28,114.5399,116.6,2920939,2834344
"2020-10-28 00:00:00",115.05,115.43,111.1,111.2,3039998,5359380
"2020-10-29 00:00:00",112.37,116.93,112.2,115.32,3309796,5163960
"2020-10-30 00:00:00",111.06,111.99,107.72,108.86,4327744,3757641
"2020-11-02 00:00:00",109.11,110.68,107.32,108.77,3141490,4007530
"2020-11-03 00:00:00",109.66,111.49,108.73,110.44,6333215,6001389
"2020-11-04 00:00:00",114.14,115.59,112.35,114.95,2275712,5742187
"2020-11-05 00:00:00",117.95,119.62,116.8686,119.03,4058933,4701296
"2020-11-06 00:00:00",118.32,119.2,116.13,118.69,5271777,4168515
"2020-11-09 00:00:00",120.5,121.99,116.05,116.32,14183111,4738668
"2020-11-10 00:00:00",115.55,117.59,114.13,115.97,6736365,14601832
"2020-11-11 00:00:00",117.19,119.63,116.44,119.49,5961870,9485600
"2020-11-12 00:00:00",119.62,120.53,118.57,119.21,3538911,5305022
"2020-11-13 00:00:00",119.44,119.6717,117.87,119.26,4955511,4045329
"2020-11-16 00:00:00",118.92,120.99,118.146,120.3,5190559,3425603
"2020-11-17 00:00:00",119.55,120.6741,118.96,119.39,2849511,1309949
"2020-11-18 00:00:00",118.61,119.82,118,118.03,4583934,2585209
"2020-11-19 00:00:00",117.59,119.06,116.81,118.64,2326373,3334765
"2020-11-20 00:00:00",118.64,118.77,117.29,117.34,2288043,4357422
"2020-11-23 00:00:00",117.18,117.6202,113.75,113.85,1477224,4128935
"2020-11-24 00:00:00",113.91,115.85,112.59,115.17,2174071,3038048
"2020-11-25 00:00:00",115.55,116.75,115.17,116.03,5467608,3148381
"2020-11-26 00:00:00",,,,,2082444,1130702
"2020-11-27 00:00:00",116.57,117.49,116.22,116.59,2778475,2657225
"2020-11-30 00:00:00",116.97,120.97,116.81,119.05,2731378,2447701
"2020-12-01 00:00:00",121.01,123.4693,120.01,122.72,5415417,2044707
"2020-12-02 00:00:00",122.02,123.37,120.89,123.08,2021311,6898302
"2020-12-03 00:00:00",123.52,123.78,122.21,122.94,5129213,3307384
"2020-12-04 00:00:00",122.6,122.8608,121.52,122.25,972900,2347716
"2020-12-07 00:00:00",122.31,124.57,122.25,123.75,1782172,2643439
"2020-12-08 00:00:00",124.37,124.98,123.09,124.38,4012182,2852172
"2020-12-09 00:00:00",124.53,125.95,121,121.78,873311,2617129
"2020-12-10 00:00:00",120.5,123.87,120.15,123.24,2836711,1492993
"2020-12-11 00:00:00",122.43,122.76,120.55,122.41,2836711,1492993
"2020-12-14 00:00:00",122.6,123.35,121.54,121.78,2948998,1903402
"2020-12-15 00:00:00",124.34,127.9,124.13,127.88,10345139,2064491
"2020-12-16 00:00:00",127.41,128.37,126.56,127.81,3327972,7385200
"2020-12-17 00:00:00",128.9,129.58,128.045,128.7,7263011,7263793
"2020-12-18 00:00:00",128.96,129.1,126.12,126.655,5992764,5761755
"2020-12-21 00:00:00",125.02,128.31,123.449,128.23,9920377,2921600
"2020-12-22 00:00:00",131.61,134.405,129.65,131.88,5414066,16378250
"2020-12-23 00:00:00",132.16,132.43,130.78,130.96,2104855,2582152
"2020-12-24 00:00:00",131.32,133.46,131.1,131.97,2461183,1124959
"2020-12-25 00:00:00",,,,,2298561,990759
"2020-12-28 00:00:00",133.99,137.34,133.51,136.69,1864609,2817199
"2020-12-29 00:00:00",138.05,138.789,134.3409,134.87,2945161,2715794
"2020-12-30 00:00:00",135.58,135.99,133.4,133.72,4436784,1202926
"2020-12-31 00:00:00",134.08,134.74,131.72,132.69,3793884,2409463
"2021-01-01 00:00:00",,,,,3743984,2322163
"2021-01-04 00:00:00",133.52,133.6116,126.76,129.41,1083163,899500
"2021-01-05 00:00:00",128.89,131.74,128.43,131.01,1619916,4139906
"2021-01-06 00:00:00",127.72,131.0499,126.382,126.6,4259355,1615156
"2021-01-07 00:00:00",128.36,131.63,127.86,130.92,685816,3658682
"2021-01-08 00:00:00",132.43,132.63,130.23,132.05,3159905,3135984
"2021-01-11 00:00:00",129.19,130.17,128.5,128.98,3459483,2423869
"2021-01-12 00:00:00",128.5,129.69,126.86,128.8,681403,2877031
"2021-01-13 00:00:00",128.76,131.45,128.49,130.89,1496423,868087
"2021-01-14 00:00:00",130.8,131,128.76,128.91,2367167,708482
"2021-01-15 00:00:00",128.78,130.2242,127,127.14,2351126,1458994
"2021-01-18 00:00:00",,,,,2121599,1288196
"2021-01-19 00:00:00",127.78,128.71,126.938,127.83,1279703,3490500
"2021-01-20 00:00:00",128.66,132.49,128.55,132.03,9351111,1966462
"2021-01-21 00:00:00",133.8,139.67,133.59,136.87,8500043,4627237
"2021-01-22 00:00:00",136.28,139.85,135.02,139.07,7482511,2915231
"2021-01-25 00:00:00",143.07,145.09,136.54,142.92,3292587,4271148
"2021-01-26 00:00:00",143.6,144.3,141.37,143.16,6950511,7009022
"2021-01-27 00:00:00",143.43,144.3,140.41,142.06,4148166,4185960
"2021-01-28 00:00:00",139.52,141.99,136.7,137.09,1874674,2183852
"2021-01-29 00:00:00",135.83,136.74,130.21,131.96,3655111,6160956
"2021-02-01 00:00:00",133.75,135.38,130.93,134.14,5530771,4481441
"2021-02-02 00:00:00",135.73,136.31,134.61,134.99,3331557,9319961
"2021-02-03 00:00:00",135.76,135.77,133.61,133.94,2664011,4464537
"2021-02-04 00:00:00",136.3,137.4,134.59,137.39,6378726,4927237
"2021-02-05 00:00:00",137.35,137.42,135.86,136.76,3852634,2025237
"2021-02-08 00:00:00",136.03,136.96,134.92,136.91,9634103,5046749
"2021-02-09 00:00:00",136.62,137.877,135.85,136.01,3313987,12684965
"2021-02-10 00:00:00",136.48,136.99,134.4,135.39,4175436,1408380
"2021-02-11 00:00:00",135.9,136.39,133.77,135.13,2143011,3352621
"2021-02-12 00:00:00",134.35,135.53,133.6921,135.37,2266601,2905166
"2021-02-15 00:00:00",,,,,2266601,1554966
"2021-02-16 00:00:00",135.49,136.01,132.79,133.19,1772552,2624843
"2021-02-17 00:00:00",131.25,132.22,129.47,130.84,3696452,3328155
"2021-02-18 00:00:00",129.2,129.995,127.41,129.71,3220215,3015624
"2021-02-19 00:00:00",130.24,130.71,128.8,129.87,2162801,2589026
"2021-02-22 00:00:00",128.01,129.72,125.6,126,4572500,3174809
"2021-02-23 00:00:00",123.76,126.71,118.39,125.86,2900905,3561748
"2021-02-24 00:00:00",124.94,125.56,122.23,125.35,2900905,3561748
"2021-02-25 00:00:00",124.68,126.4585,120.54,120.99,2254807,1766075
"2021-02-26 00:00:00",122.59,124.85,121.2,121.26,2264239,1054048
"2021-03-01 00:00:00",123.75,127.93,122.79,127.79,3042789,1179706
"2021-03-02 00:00:00",128.41,128.72,125.01,125.12,5034605,1343779
"2021-03-03 00:00:00",124.81,125.71,121.84,122.06,4256809,1352848
"2021-03-04 00:00:00",121.75,123.6,118.62,120.13,9128640,2430822
"2021-03-05 00:00:00",120.98,121.935,117.57,121.42,6618947,4509992
"2021-03-08 00:00:00",120.93,121,116.21,116.36,6758552,3610474
"2021-03-09 00:00:00",119.03,122.06,118.79,121.085,8218087,7761544
"2021-03-10 00:00:00",121.69,122.17,119.45,119.98,4109369,2907342
"2021-03-11 00:00:00",122.54,123.21,121.26,121.96,3832256,5845007
"2021-03-12 00:00:00",120.4,121.17,119.16,121.03,5804004,3773986
"2021-03-15 00:00:00",121.41,124,120.42,123.99,1203954,4783035
"2021-03-16 00:00:00",125.7,127.22,124.715,125.57,1669145,2208792
"2021-03-17 00:00:00",124.05,125.8599,122.336,124.76,2749387,2232623
"2021-03-18 00:00:00",122.88,123.18,120.32,120.53,934039,1283836
"2021-03-19 00:00:00",119.9,121.43,119.675,119.99,2626437,1068030
"2021-03-22 00:00:00",120.33,123.87,120.26,123.39,12562668,7048670
"2021-03-23 00:00:00",123.33,124.24,122.14,122.54,9511206,27354456
"2021-03-24 00:00:00",122.82,122.9,120.065,120.09,2669138,4505473
"2021-03-25 00:00:00",119.54,121.66,119,120.59,1815757,3186494
"2021-03-26 00:00:00",120.35,121.48,118.92,121.21,2011777,2093206
"2021-03-29 00:00:00",121.65,122.58,120.7299,121.39,2883508,2814486
"2021-03-30 00:00:00",120.11,120.4031,118.86,119.9,1072606,820700
"2021-03-31 00:00:00",121.65,123.52,121.15,122.15,1613142,2022902
"2021-04-01 00:00:00",123.66,124.18,122.49,123,2407448,3690797
"2021-04-02 00:00:00",,,,,1931384,3169987
"2021-04-05 00:00:00",123.87,126.1601,123.07,125.9,2211030,3265142
"2021-04-06 00:00:00",126.5,127.13,125.65,126.21,1425575,1448987
"2021-04-07 00:00:00",125.83,127.92,125.14,127.9,2824856,3482223
"2021-04-08 00:00:00",128.95,130.39,128.52,130.36,3028159,3119589
"2021-04-09 00:00:00",129.8,133.04,129.47,132.995,2105440,2872608
"2021-04-12 00:00:00",132.52,132.85,130.63,131.24,1775336,1371700
"2021-04-13 00:00:00",132.44,134.66,131.93,134.43,2377775,1354725
"2021-04-14 00:00:00",134.94,135,131.655,132.03,2250950,2399982
"2021-04-15 00:00:00",133.82,135,133.64,134.5,1922363,1858808
"2021-04-16 00:00:00",134.3,134.67,133.28,134.16,2797629,2077498
"2021-04-19 00:00:00",133.51,135.47,133.34,134.84,1419521,605890
"2021-04-20 00:00:00",135.02,135.53,131.81,133.11,5145473,2196724
"2021-04-21 00:00:00",132.36,133.75,131.3001,133.5,3238648,6251226
"2021-04-22 00:00:00",133.04,134.15,131.41,131.94,2706873,2228233
"2021-04-23 00:00:00",132.16,135.12,132.16,134.32,2584590,2464843
"2021-04-26 00:00:00",134.83,135.06,133.56,134.72,3731902,1397026
"2021-04-27 00:00:00",135.01,135.41,134.11,134.39,1111700,762583
"2021-04-28 00:00:00",134.31,135.02,133.08,133.58,470327,1116264
"2021-04-29 00:00:00",136.47,137.07,132.45,133.48,834642,1002983
"2021-04-30 00:00:00",131.78,133.56,131.065,131.46,2274366,1312342
"2021-05-03 00:00:00",132.04,134.07,131.83,132.54,1729001,2023144
"2021-05-04 00:00:00",131.19,131.4899,126.7,127.85,1592013,4359888
"2021-05-05 00:00:00",129.2,130.45,127.97,128.1,1679200,2308614
"2021-05-06 00:00:00",127.89,129.75,127.13,129.74,3882227,4283063
"2021-05-07 00:00:00",130.85,131.2582,129.475,130.21,3366170,3463549
"2021-05-10 00:00:00",129.41,129.54,126.81,126.85,6878309,5171323
"2021-05-11 00:00:00",123.5,126.27,122.77,125.91,2958504,9347486
"2021-05-12 00:00:00",123.4,124.64,122.25,122.77,7827348,2927605
"2021-05-13 00:00:00",124.58,126.15,124.26,124.97,5342430,2201415
"2021-05-14 00:00:00",126.25,127.89,125.85,127.45,4175145,2728943
"2021-05-17 00:00:00",126.82,126.93,125.17,126.27,3811912,3824130
"2021-05-18 00:00:00",126.56,126.99,124.78,124.85,5290082,4526317
"2021-05-19 00:00:00",123.16,124.915,122.86,124.69,3694924,3381420
"2021-05-20 00:00:00",125.23,127.72,125.1,127.31,4694408,2571621
"2021-05-21 00:00:00",127.82,128,125.21,125.43,1984557,2641988
"2021-05-24 00:00:00",126.01,127.94,125.94,127.1,3155520,1775347
"2021-05-25 00:00:00",127.82,128.32,126.32,126.9,2421377,2636500
"2021-05-26 00:00:00",126.955,127.39,126.42,126.85,1939434,1633241
"2021-05-27 00:00:00",126.44,127.64,125.08,125.28,18238112,6306556
"2021-05-28 00:00:00",125.57,125.8,124.55,124.61,2272782,7355950
"2021-05-31 00:00:00",,,,,1924481,2282500
"2021-06-01 00:00:00",125.08,125.35,123.94,124.28,3602018,4279713
"2021-06-02 00:00:00",124.28,125.24,124.05,125.06,4011383,4673897
"2021-06-03 00:00:00",124.68,124.85,123.13,123.54,2335867,5785874
"2021-06-04 00:00:00",124.07,126.16,123.85,125.89,3398851,4552566
"2021-06-07 00:00:00",126.17,126.32,124.8321,125.9,2920748,8832686
"2021-06-08 00:00:00",126.6,128.46,126.2101,126.74,2726282,2833248
"2021-06-09 00:00:00",127.21,127.75,126.52,127.13,4848353,6835232
"2021-06-10 00:00:00",127.02,128.19,125.94,126.11,3889167,7454722
"2021-06-11 00:00:00",126.53,127.44,126.1,127.35,2202909,4049558
"2021-06-14 00:00:00",127.82,130.54,127.07,130.48,1443212,1228084
"2021-06-15 00:00:00",129.94,130.6,129.39,129.64,2020302,782642
"2021-06-16 00:00:00",130.37,130.89,128.461,130.15,3125284,3193967
"2021-06-17 00:00:00",129.8,132.55,129.65,131.79,1080569,3558135
"2021-06-18 00:00:00",130.71,131.51,130.24,130.46,2810859,2013610
"2021-06-21 00:00:00",130.3,132.41,129.21,132.3,5381254,2792397
"2021-06-22 00:00:00",132.13,134.08,131.62,133.98,4565988,6347438
"2021-06-23 00:00:00",133.77,134.32,133.23,133.7,1430021,8192978
"2021-06-24 00:00:00",134.45,134.64,132.93,133.41,970253,1752787
"2021-06-25 00:00:00",133.46,133.89,132.81,133.11,1095394,983560
"2021-06-28 00:00:00",133.41,135.245,133.35,134.78,943098,574375
"2021-06-29 00:00:00",134.8,136.49,134.35,136.33,1299237,1051075
"2021-06-30 00:00:00",136.17,137.41,135.87,136.96,1008300,1069280
"2021-07-01 00:00:00",136.6,137.33,135.76,137.27,858105,1075703
"2021-07-02 00:00:00",137.9,140,137.745,139.96,1834940,1310699
"2021-07-06 00:00:00",140.07,143.15,140.07,142.02,279239,305400
"2021-07-07 00:00:00",143.535,144.89,142.66,144.57,1889799,889143
"2021-07-08 00:00:00",141.58,144.06,140.665,143.24,2948242,1356751
"2021-07-09 00:00:00",142.75,145.65,142.6522,145.11,1258777,3048415
"2021-07-12 00:00:00",146.21,146.32,144,144.5,2026001,1796062
"2021-07-13 00:00:00",144.03,147.46,143.63,145.64,2416200,1901902
"2021-07-14 00:00:00",148.1,149.57,147.68,149.15,2661440,2728800
"2021-07-15 00:00:00",149.24,150,147.09,148.48,1075240,944518
"2021-07-16 00:00:00",148.46,149.76,145.88,146.39,2290300,1359850
"2021-07-19 00:00:00",143.75,144.07,141.67,142.45,4327911,1443214
"2021-07-20 00:00:00",143.46,147.0997,142.96,146.15,5448287,5169583
"2021-07-21 00:00:00",145.53,146.13,144.63,145.4,2322538,2679945
"2021-07-22 00:00:00",145.935,148.195,145.81,146.8,1741148,814576
"2021-07-23 00:00:00",147.55,148.7177,146.92,148.56,1932664,2222676
"2021-07-26 00:00:00",148.27,149.83,147.7,148.99,3685260,1052400
"2021-07-27 00:00:00",149.12,149.21,145.55,146.77,2502874,3042807
"2021-07-28 00:00:00",144.81,146.97,142.54,144.98,2536599,1648543
"2021-07-29 00:00:00",144.685,146.55,144.58,145.64,2555850,2282051
"2021-07-30 00:00:00",144.38,146.33,144.11,145.86,3744020,2850827
"2021-08-02 00:00:00",146.36,146.95,145.25,145.52,1726790,3023426
"2021-08-03 00:00:00",145.81,148.045,145.18,147.36,3011311,2632131
"2021-08-04 00:00:00",147.27,147.79,146.28,146.95,1692671,7315371
"2021-08-05 00:00:00",146.98,147.84,146.17,147.06,4261864,1266183
"2021-08-06 00:00:00",146.35,147.11,145.63,146.14,2945195,2901216
"2021-08-09 00:00:00",146.2,146.7,145.52,146.09,9658901,2440410
"2021-08-10 00:00:00",146.44,147.71,145.3,145.6,5214985,9792312
"2021-08-11 00:00:00",146.05,146.72,145.53,145.86,3417585,2577094
"2021-08-12 00:00:00",146.19,149.05,145.84,148.89,5842933,6597300
"2021-08-13 00:00:00",148.97,149.4444,148.27,149.1,3150910,3650854
"2021-08-16 00:00:00",148.535,151.19,146.47,151.12,6757810,2290937
"2021-08-17 00:00:00",150.23,151.68,149.09,150.19,2583293,1791162
"2021-08-18 00:00:00",149.8,150.72,146.15,146.36,5701395,1471571
"2021-08-19 00:00:00",145.03,148,144.5,146.7,1410063,3820960
"2021-08-20 00:00:00",147.44,148.5,146.78,148.19,1659636,1554100
"2021-08-23 00:00:00",148.31,150.19,147.89,149.71,2025284,3988803
"2021-08-24 00:00:00",149.45,150.86,149.15,149.62,1809329,2396462
"2021-08-25 00:00:00",149.81,150.32,147.8,148.36,1542695,1395335
"2021-08-26 00:00:00",148.35,149.12,147.51,147.54,3238218,1478695
"2021-08-27 00:00:00",147.48,148.75,146.83,148.6,1913720,2182767
"2021-08-30 00:00:00",149,153.49,148.61,153.12,2229329,1056725
"2021-08-31 00:00:00",152.66,152.8,151.29,151.83,2385587,2325200
"2021-09-01 00:00:00",152.83,154.98,152.34,152.51,3920042,4563446
"2021-09-02 00:00:00",153.87,154.72,152.4,153.65,2747803,3561953
"2021-09-03 00:00:00",153.76,154.63,153.09,154.3,1751695,1381230
"2021-09-06 00:00:00",,,,,1742795,1246230
"2021-09-07 00:00:00",154.97,157.26,154.39,156.69,153082,1838800
"2021-09-08 00:00:00",156.98,157.04,153.975,155.11,1089106,1299498
"2021-09-09 00:00:00",155.49,156.11,153.95,154.07,2463600,2165199
"2021-09-10 00:00:00",155,155.48,148.7,148.97,2257020,1039991
"2021-09-13 00:00:00",150.63,151.42,148.75,149.55,1485664,1504301
"2021-09-14 00:00:00",150.35,151.07,146.91,148.12,1775285,3459450
"2021-09-15 00:00:00",148.56,149.44,146.37,149.03,1162005,3400448
"2021-09-16 00:00:00",148.44,148.97,147.221,148.79,3188469,2301468
"2021-09-17 00:00:00",148.82,148.82,145.76,146.06,4665862,2312969
"2021-09-20 00:00:00",143.8,144.84,141.27,142.94,2735996,2066632
"2021-09-21 00:00:00",143.93,144.6,142.78,143.43,2177320,5214550
"2021-09-22 00:00:00",144.45,146.43,143.7001,145.85,2057970,4674511
"2021-09-23 00:00:00",146.65,147.08,145.64,146.83,2747528,3143715
"2021-09-24 00:00:00",145.66,147.4701,145.56,146.92,2672957,3564095
"2021-09-27 00:00:00",145.47,145.96,143.82,145.37,4744849,1191200
"2021-09-28 00:00:00",143.25,144.75,141.69,141.91,4764830,3927195
"2021-09-29 00:00:00",142.47,144.45,142.03,142.83,5150663,4032127
"2021-09-30 00:00:00",143.66,144.378,141.28,141.5,4875976,5312474
"2021-10-01 00:00:00",141.9,142.92,139.1101,142.65,1128100,4061105
"2021-10-04 00:00:00",141.76,142.21,138.27,139.14,2099938,1230668
"2021-10-05 00:00:00",139.49,142.24,139.36,141.11,3118027,1966400
"2021-10-06 00:00:00",139.47,142.15,138.37,142,3797615,3092838
"2021-10-07 00:00:00",143.06,144.215,142.72,143.29,869900,2700504
"2021-10-08 00:00:00",144.03,144.1781,142.56,142.9,3044112,1876500
"2021-10-11 00:00:00",142.27,144.81,141.81,142.81,1566106,1779400
"2021-10-12 00:00:00",143.23,143.25,141.0401,141.51,1787751,1794007
"2021-10-13 00:00:00",141.235,141.4,139.2,140.91,4605518,2720821
"2021-10-14 00:00:00",142.11,143.88,141.51,143.76,4472116,2978716
"2021-10-15 00:00:00",143.77,144.895,143.51,144.84,3991056,5701901
"2021-10-18 00:00:00",143.445,146.84,143.16,146.55,3493693,3665351
"2021-10-19 00:00:00",147.01,149.17,146.55,148.76,3822887,3056950
"2021-10-20 00:00:00",148.7,149.7539,148.12,149.26,3652807,3234367
"2021-10-21 00:00:00",148.81,149.64,147.87,149.48,3305802,4435864
"2021-10-22 00:00:00",149.69,150.18,148.64,148.69,2288990,2305884
"2021-10-25 00:00:00",148.68,149.37,147.6211,148.64,5037850,2465059
"2021-10-26 00:00:00",149.33,150.84,149.0101,149.32,4611348,4414121
"2021-10-27 00:00:00",149.36,149.73,148.49,148.85,4754080,5981957
"2021-10-28 00:00:00",149.82,153.165,149.72,152.57,2999093,5314704
"2021-10-29 00:00:00",147.215,149.94,146.4128,149.8,5459916,4851788
"2021-11-01 00:00:00",148.985,149.7,147.8,148.96,1940740,4803550
"2021-11-02 00:00:00",148.66,151.57,148.65,150.02,888974,8360275
"2021-11-03 00:00:00",150.39,151.97,149.82,151.49,3039932,4883527
"2021-11-04 00:00:00",151.58,152.43,150.64,150.96,4072733,8663395
"2021-11-05 00:00:00",151.89,152.2,150.06,151.28,2922306,3839030
"2021-11-08 00:00:00",151.41,151.57,150.16,150.44,7370032,2958253
"2021-11-09 00:00:00",150.2,151.428,150.0601,150.81,7267956,8867365
"2021-11-10 00:00:00",150.02,150.13,147.85,147.92,6231880,2804532
"2021-11-11 00:00:00",148.96,149.43,147.681,147.87
"2021-11-12 00:00:00",148.43,150.4,147.48,149.99,4241006,3156100
"2021-11-15 00:00:00",150.37,151.88,149.43,150,5504715,4415993
"2021-11-16 00:00:00",149.94,151.488,149.34,151,2550990,3435611
"2021-11-17 00:00:00",150.995,155,150.99,153.49,3988200,3658335
"2021-11-18 00:00:00",153.71,158.67,153.05,157.87,2649145,1660315
"2021-11-19 00:00:00",157.65,161.02,156.5328,160.55,2467027,2520883
"2021-11-22 00:00:00",161.68,165.7,161,161.02,20876371,2732839
"2021-11-23 00:00:00",161.12,161.8,159.0601,161.41,6723378,6794913
"2021-11-24 00:00:00",160.75,162.14,159.64,161.94,4527499,8360888
"2021-11-26 00:00:00",159.565,160.45,156.36,156.81,1959000,2521624
"2021-11-29 00:00:00",159.37,161.19,158.7901,160.24,3573918,6065190
"2021-11-30 00:00:00",159.985,165.52,159.92,165.3,11062062,5099017
"2021-12-01 00:00:00",167.48,170.3,164.53,164.77,2959800,8647348
"2021-12-02 00:00:00",158.735,164.2,157.8,163.76,4259472,3557963
"2021-12-03 00:00:00",164.02,164.96,159.72,161.84,2327273,2433400
"2021-12-06 00:00:00",164.29,167.8799,164.28,165.32,2968296,4884439
"2021-12-07 00:00:00",169.08,171.58,168.34,171.18,2340287,4778386
"2021-12-08 00:00:00",172.125,175.96,170.7,175.08,2503072,3914222
"2021-12-09 00:00:00",174.91,176.75,173.92,174.56,10488020,4656130
"2021-12-10 00:00:00",175.205,179.63,174.69,179.45,2442036,5534024
"2021-12-13 00:00:00",181.115,182.13,175.53,175.74,4200651,2018498
"2021-12-14 00:00:00",175.25,177.74,172.21,174.33,1818215,6399204
"2021-12-15 00:00:00",175.11,179.5,172.3108,179.3,5791457,3863100
"2021-12-16 00:00:00",179.28,181.14,170.75,172.26,5887600,8305567
"2021-12-17 00:00:00",169.93,173.47,169.69,171.14,7022326,4641092
"2021-12-20 00:00:00",168.28,170.58,167.46,169.75,8919171,5353396
"2021-12-21 00:00:00",171.555,173.2,169.12,172.99,9371058,14139122
"2021-12-22 00:00:00",173.04,175.86,172.15,175.64,3919146,2559877
"2021-12-23 00:00:00",175.85,176.8499,175.27,176.28,3115900,3262230
"2021-12-24 00:00:00",,,,,1347183,5990041
"2021-12-27 00:00:00",177.085,180.42,177.07,180.33,1344624,5677885
"2021-12-28 00:00:00",180.16,181.33,178.53,179.29,3826989,1773478
"2021-12-29 00:00:00",179.33,180.63,178.14,179.38,2897165,1942392
"2021-12-30 00:00:00",179.47,180.57,178.09,178.2,1671244,1782431
"2021-12-31 00:00:00",178.085,179.23,177.26,177.57,2353140,4419725
"2022-01-03 00:00:00",177.83,182.88,177.71,182.01,2749287,4367711
"2022-01-04 00:00:00",182.63,182.94,179.12,179.7,2817463,3148166
"2022-01-05 00:00:00",179.61,180.17,174.64,174.92,4412825,2701513
"2022-01-06 00:00:00",172.7,175.3,171.64,172,5059909,3801649
"2022-01-07 00:00:00",172.89,174.14,171.03,172.17,2837100,2509467
"2022-01-10 00:00:00",169.08,172.5,168.17,172.19,1988127,1606400
"2022-01-11 00:00:00",172.32,175.18,170.82,175.08,2532121,3693588
"2022-01-12 00:00:00",176.12,177.18,174.82,175.53,3150461,2800852
"2022-01-13 00:00:00",175.78,176.62,171.79,172.19,2162605,3292906
"2022-01-14 00:00:00",171.34,173.78,171.09,173.07,2609568,2761869
"2022-01-17 00:00:00",,,,,1905635,2033800
"2022-01-18 00:00:00",171.51,172.54,169.405,169.8,1514563,2499857
"2022-01-19 00:00:00",170,171.08,165.94,166.23,2393385,1771083
"2022-01-20 00:00:00",166.98,169.68,164.18,164.51,2392482,1884672
"2022-01-21 00:00:00",164.415,166.33,162.3,162.41,3697150,2340801
"2022-01-24 00:00:00",160.02,162.3,154.7,161.62,5573200,3295550
"2022-01-25 00:00:00",158.98,162.76,157.02,159.78,2197335,4060861
"2022-01-26 00:00:00",163.5,164.3894,157.82,159.69,2569700,3635868
"2022-01-27 00:00:00",162.45,163.84,158.28,159.22,3198000,1909801
"2022-01-28 00:00:00",165.71,170.35,162.8,170.33,4036501,1561987
"2022-01-31 00:00:00",170.16,175,169.51,174.78,1819456,3642611
"2022-02-01 00:00:00",174.01,174.84,172.31,174.61,6138117,4840365
"2022-02-02 00:00:00",174.745,175.88,173.33,175.84,4801394,8786993
"2022-02-03 00:00:00",174.48,176.2399,172.12,172.9,3005936,4654369
"2022-02-04 00:00:00",171.68,174.1,170.68,172.39,7892448,7965678
"2022-02-07 00:00:00",172.86,173.9458,170.95,171.66,13837470,3790783
"2022-02-08 00:00:00",171.73,175.35,171.43,174.83,9129690,20882132
"2022-02-09 00:00:00",176.05,176.65,174.9,176.28,3582753,4088980
"2022-02-10 00:00:00",174.14,175.48,171.55,172.12,3677916,4993603
"2022-02-11 00:00:00",172.33,173.08,168.04,168.64,7505676,3715534
"2022-02-14 00:00:00",167.37,169.58,166.56,168.88,6858179,4086986
"2022-02-15 00:00:00",170.97,172.95,170.25,172.79,7404683,7015579
"2022-02-16 00:00:00",171.85,173.34,170.05,172.55,6837539,5665898
"2022-02-17 00:00:00",171.03,171.91,168.47,168.88,10416099,7813456
"2022-02-18 00:00:00",169.82,170.5413,166.19,167.3,4568400,4227064
"2022-02-21 00:00:00",,,,,3084907,3042172
"2022-02-22 00:00:00",164.98,166.69,162.15,164.32,2862554,2117658
"2022-02-23 00:00:00",165.54,166.15,159.75,160.07,3554715,1642208
"2022-02-24 00:00:00",152.58,162.85,152,162.74,2779400,2881422
"2022-02-25 00:00:00",163.84,165.12,160.8738,164.85,1441349,3048070
"2022-02-28 00:00:00",163.06,165.42,162.43,165.12,4333341,3671175
"2022-03-01 00:00:00",164.695,166.6,161.97,163.2,4565190,4485507
"2022-03-02 00:00:00",164.39,167.36,162.95,166.56,7500744,2691961
"2022-03-03 00:00:00",168.47,168.91,165.55,166.23,2465918,2864166
"2022-03-04 00:00:00",164.49,165.55,162.1,163.17,3796625,4424652
"2022-03-07 00:00:00",163.36,165.02,159.04,159.3,4433200,1720554
"2022-03-08 00:00:00",158.82,162.88,155.8,157.44,3967775,5127739
"2022-03-09 00:00:00",161.475,163.41,159.41,162.95,3400591,5540039
"2022-03-10 00:00:00",160.2,160.39,155.98,158.52,2023026,1375335
"2022-03-11 00:00:00",158.93,159.28,154.5,154.73,2393252,4512984
"2022-03-14 00:00:00",151.45,154.12,150.1,150.62,4196336,1397925
"2022-03-15 00:00:00",150.9,155.57,150.38,155.09,3122343,3617454
"2022-03-16 00:00:00",157.05,160,154.46,159.59,5006414,4316083
"2022-03-17 00:00:00",158.61,161,157.63,160.62,3640733,5536275
"2022-03-18 00:00:00",160.51,164.48,159.76,163.98,2233610,2803788
"2022-03-21 00:00:00",163.51,166.35,163.015,165.38,2782281,4339721
"2022-03-22 00:00:00",165.51,169.42,164.91,168.82,4689891,2836906
"2022-03-23 00:00:00",167.99,172.64,167.65,170.21,1788200,5781698
"2022-03-24 00:00:00",171.06,174.14,170.21,174.07,1822200,2612396
"2022-03-25 00:00:00",173.88,175.28,172.75,174.72,1422200,2742070
"2022-03-28 00:00:00",172.17,175.73,172,175.6