Date,GME Price in USD (open),GME Price in USD (high),GME Price in USD (low),GME Price in USD (close),On Loan - New,On Loan - Returned,Net shares loaned,Outsanding Loans (# Shares)
3/29/2017,21.78,22.14,21.57,21.95,,,0,0
3/30/2017,21.9,22.49,21.86,22.46,,,0,0
3/31/2017,22.46,22.74,22.37,22.55,,,0,0
4/3/2017,22.52,22.62,21.915,22,,,0,0
4/4/2017,21.94,22.21,21.74,21.98,,,0,0
4/5/2017,22.19,22.29,21.74,21.76,,,0,0
4/6/2017,21.96,22.17,21.74,21.84,,,0,0
4/7/2017,21.82,22.0209,21.58,21.66,,,0,0
4/10/2017,21.6,22.12,21.56,21.88,,,0,0
4/11/2017,21.8,22.15,21.68,22.11,,,0,0
4/12/2017,22.18,22.18,21.87,22.07,,,0,0
4/13/2017,22.06,22.44,21.98,22.38,,,0,0
4/17/2017,22.45,22.95,22.4,22.89,,,0,0
4/18/2017,22.84,22.98,22.61,22.84,,,0,0
4/19/2017,22.92,23.13,22.76,22.78,,,0,0
4/20/2017,22.95,23.425,22.9499,23.19,,,0,0
4/21/2017,23.24,23.27,22.94,23.19,,,0,0
4/24/2017,23.4,23.49,22.96,23.22,,,0,0
4/25/2017,23.32,23.49,23.1,23.4,,,0,0
4/26/2017,23.42,23.975,23.31,23.65,,,0,0
4/27/2017,23.67,23.71,23.04,23.1,,,0,0
4/28/2017,23.09,23.09,22.47,22.69,,,0,0
5/1/2017,22.77,23.24,22.56,22.78,,,0,0
5/2/2017,22.83,23.55,22.74,23.44,,,0,0
5/3/2017,23.46,24,23.38,23.97,,,0,0
5/4/2017,23.98,24.14,23.53,23.57,,,0,0
5/5/2017,23.7,24.01,23.58,24,,,0,0
5/8/2017,24,24.47,23.84,24.38,,,0,0
5/9/2017,24.33,24.74,24.09,24.49,,,0,0
5/10/2017,24.54,25.13,24.44,24.95,,,0,0
5/11/2017,25.11,25.31,24.24,24.35,,,0,0
5/12/2017,24.28,24.35,23.78,24.03,,,0,0
5/15/2017,24.14,24.68,24.1,24.36,,,0,0
5/16/2017,24.33,24.51,23.9,24.47,,,0,0
5/17/2017,24.15,24.38,23.75,23.84,,,0,0
5/18/2017,23.94,24.05,23.52,23.78,,,0,0
5/19/2017,23.8,24.305,23.58,24.22,,,0,0
5/22/2017,24.35,24.5995,24.04,24.05,,,0,0
5/23/2017,24.37,24.37,22.63,22.66,,,0,0
5/24/2017,22.61,22.87,22.43,22.71,,,0,0
5/25/2017,23.6,23.67,22.73,23.62,,,0,0
5/26/2017,22.12,22.41,21.25,22.22,,,0,0
5/30/2017,22.18,22.93,22.1701,22.57,,,0,0
5/31/2017,22.64,22.695,21.89,22.14,,,0,0
6/1/2017,22.15,22.96,22.11,22.78,,,0,0
6/2/2017,22.73,22.78,22.35,22.67,,,0,0
6/5/2017,22.25,22.57,21.96,22.48,,,0,0
6/6/2017,22.25,22.36,21.89,21.9,,,0,0
6/7/2017,21.96,22.21,21.83,22.04,,,0,0
6/8/2017,22.15,22.43,21.33,21.37,,,0,0
6/9/2017,21.33,22.085,21.3,22.01,,,0,0
6/12/2017,21.94,22.15,21.59,21.71,,,0,0
6/13/2017,21.78,22.17,21.57,21.98,,,0,0
6/14/2017,21.96,21.96,21.25,21.63,,,0,0
6/15/2017,21.52,21.65,21.14,21.22,,,0,0
6/16/2017,21.12,21.17,20.5,20.59,,,0,0
6/19/2017,20.65,20.97,20.35,20.8,,,0,0
6/20/2017,20.72,20.7765,20.47,20.64,,,0,0
6/21/2017,20.66,20.95,20.29,20.46,,,0,0
6/22/2017,20.49,20.785,20.44,20.54,,,0,0
6/23/2017,20.47,20.66,20.261,20.65,,,0,0
6/26/2017,20.67,21.17,20.66,21.13,,,0,0
6/27/2017,21.07,21.495,21.04,21.38,,,0,0
6/28/2017,21.5,21.76,21.43,21.51,,,0,0
6/29/2017,21.56,21.78,21.28,21.61,,,0,0
6/30/2017,21.75,21.8,21.385,21.61,,,0,0
7/3/2017,21.77,22,21.56,21.6,144278,221867,-77589,-77589
7/4/2017,,,,,60700,165300,-104600,-182189
7/5/2017,21.56,21.71,21.38,21.51,475001,500685,-25684,-207873
7/6/2017,21.37,21.54,21.07,21.12,158341,362243,-203902,-411775
7/7/2017,21.15,21.28,20.86,20.91,419642,853459,-433817,-845592
7/10/2017,20.89,21.02,20.79,20.89,1180770,900699,280071,-565521
7/11/2017,20.96,21.065,20.81,20.96,836250,455032,381218,-184303
7/12/2017,21.15,21.26,20.98,20.99,531354,387458,143896,-40407
7/13/2017,21.24,21.43,21.04,21.16,245805,167523,78282,37875
7/14/2017,21.25,21.3225,20.97,21.02,656910,184708,472202,510077
7/17/2017,21.03,21.58,20.98,21.28,257070,308654,-51584,458493
7/18/2017,21.38,21.39,20.98,21.09,218126,368000,-149874,308619
7/19/2017,21.15,21.47,21.06,21.35,457989,282785,175204,483823
7/20/2017,21.3,21.34,21.1,21.1,582004,147934,434070,917893
7/21/2017,21.14,21.18,20.72,20.78,227613,358872,-131259,786634
7/24/2017,20.7,20.995,20.65,20.8,115563,367561,-251998,534636
7/25/2017,20.99,21.37,20.94,21.26,598306,380511,217795,752431
7/26/2017,21.28,21.3271,20.95,21.04,1229881,1229819,62,752493
7/27/2017,21.09,21.755,21.03,21.7,258148,441706,-183558,568935
7/28/2017,21.64,21.729,21.4,21.5,105743,441155,-335412,233523
7/31/2017,21.55,21.76,21.41,21.69,196298,466501,-270203,-36680
8/1/2017,21.69,21.69,21.14,21.36,819444,402652,416792,380112
8/2/2017,21.32,21.62,21.2718,21.38,747395,1281901,-534506,-154394
8/3/2017,21.32,21.82,21.32,21.66,638303,270402,367901,213507
8/4/2017,21.78,22.11,21.6874,21.93,417353,839227,-421874,-208367
8/7/2017,21.94,22.255,21.825,22.17,255915,189495,66420,-141947
8/8/2017,22.2,22.37,21.9,21.94,255900,255481,419,-141528
8/9/2017,21.75,22.12,21.62,22.08,469498,228920,240578,99050
8/10/2017,21.91,21.91,21.46,21.47,,,0,99050
8/11/2017,21.24,21.83,21.07,21.76,,,0,99050
8/14/2017,21.95,21.99,21.715,21.85,,,0,99050
8/15/2017,21.7,21.77,20.78,20.93,,,0,99050
8/16/2017,21.12,21.49,21.08,21.39,,,0,99050
8/17/2017,21.37,21.66,21,21.1,,,0,99050
8/18/2017,21.05,21.33,20.97,21.22,,,0,99050
8/21/2017,21.16,21.36,20.97,20.98,,,0,99050
8/22/2017,21.12,21.69,21.09,21.64,,,0,99050
8/23/2017,21.59,21.82,21.21,21.48,,,0,99050
8/24/2017,21.75,22.12,21.65,21.78,,,0,99050
8/25/2017,19.9,19.94,18.72,19.4,,,0,99050
8/28/2017,19.41,19.7,18.96,19.15,,,0,99050
8/29/2017,18.93,19.07,18.64,18.75,,,0,99050
8/30/2017,18.75,18.97,18.68,18.79,,,0,99050
8/31/2017,18.83,18.87,18.47,18.5,,,0,99050
9/1/2017,18.6,18.88,18.6,18.67,,,0,99050
9/5/2017,18.69,18.96,18.555,18.94,,,0,99050
9/6/2017,19,19.35,18.99,19.34,,,0,99050
9/7/2017,19.02,19.34,18.81,18.85,,,0,99050
9/8/2017,18.85,19.19,18.74,19.15,,,0,99050
9/11/2017,19.21,19.45,19.13,19.2,,,0,99050
9/12/2017,19.26,19.94,19.21,19.53,,,0,99050
9/13/2017,19.6,20.04,19.55,20.02,,,0,99050
9/14/2017,20.06,20.3,19.89,20.08,,,0,99050
9/15/2017,20.07,20.44,20,20.29,,,0,99050
9/18/2017,20.39,20.63,20.1,20.17,,,0,99050
9/19/2017,20.17,20.26,19.92,20.19,,,0,99050
9/20/2017,20.13,20.185,20.005,20.1,,,0,99050
9/21/2017,20,20.19,19.87,19.89,,,0,99050
9/22/2017,19.87,20.0356,19.86,20.01,,,0,99050
9/25/2017,20.03,20.47,20.01,20.44,,,0,99050
9/26/2017,20.55,20.77,20.34,20.65,,,0,99050
9/27/2017,20.78,20.97,20.5,20.85,,,0,99050
9/28/2017,20.81,20.93,20.61,20.79,,,0,99050
9/29/2017,20.8,20.85,20.52,20.66,,,0,99050
10/2/2017,20.65,20.68,20.35,20.47,424886,351750,73136,172186
10/3/2017,20.5,20.51,20.09,20.21,266776,272867,-6091,166095
10/4/2017,20.09,20.29,20.03,20.25,303778,391188,-87410,78685
10/5/2017,20.3,20.53,20.22,20.52,1315900,431346,884554,963239
10/6/2017,20.41,20.49,20.02,20.02,856044,1362145,-506101,457138
10/9/2017,20.07,20.245,19.99,20.15,19326,48800,-29474,427664
10/10/2017,20.19,20.285,19.95,20.23,404539,549836,-145297,282367
10/11/2017,20.22,20.22,19.46,19.59,578605,714695,-136090,146277
10/12/2017,19.59,19.69,19.32,19.5,1100412,1547654,-447242,-300965
10/13/2017,19.64,19.775,19.51,19.71,747581,1080110,-332529,-633494
10/16/2017,19.69,19.7,19.2,19.41,153938,195708,-41770,-675264
10/17/2017,19.46,19.7,19.35,19.66,205760,456567,-250807,-926071
10/18/2017,19.72,20.09,19.62,20.05,114324,179739,-65415,-991486
10/19/2017,20.01,20.15,19.93,20.05,406308,268512,137796,-853690
10/20/2017,20.13,20.32,20.04,20.13,476053,91435,384618,-469072
10/23/2017,20.14,20.55,20.14,20.28,222922,246537,-23615,-492687
10/24/2017,20.42,20.48,19.94,19.96,574465,437878,136587,-356100
10/25/2017,19.96,20,19.34,19.61,519198,202435,316763,-39337
10/26/2017,19.55,19.74,19.27,19.51,437806,276090,161716,122379
10/27/2017,19.4,19.45,18.92,19.34,119035,185000,-65965,56414
10/30/2017,19.43,19.47,18.6,18.77,158801,223698,-64897,-8483
10/31/2017,18.89,19.0399,18.59,18.69,628661,44100,584561,576078
11/1/2017,18.67,18.95,18.53,18.6,606631,343493,263138,839216
11/2/2017,18.6,18.6,18.22,18.51,300440,164806,135634,974850
11/3/2017,18.5,18.55,18.1,18.1,543825,251932,291893,1266743
11/6/2017,18.07,18.21,17.71,17.83,2208802,178692,2030110,3296853
11/7/2017,17.88,17.99,17.07,17.11,891373,114400,776973,4073826
11/8/2017,17.17,17.29,16.98,17.2,815297,497613,317684,4391510
11/9/2017,17.14,17.985,17.11,17.56,454702,458244,-3542,4387968
11/10/2017,17.42,17.42,16.22,16.43,348344,146800,201544,4589512
11/13/2017,16.43,16.84,15.91,16.2,888578,356621,531957,5121469
11/14/2017,16.1,16.38,15.85,16.19,1821090,414946,1406144,6527613
11/15/2017,16.08,16.495,15.85,16,1090017,236949,853068,7380681
11/16/2017,16.01,16.79,16.01,16.18,1008743,561043,447700,7828381
11/17/2017,16.31,16.58,16.15,16.31,1164798,568213,596585,8424966
11/20/2017,16.4,16.46,16.03,16.44,581232,1067935,-486703,7938263
11/21/2017,16.5,16.785,16.26,16.73,887968,1036287,-148319,7789944
11/22/2017,17.85,18.7,17.3,17.37,758318,429303,329015,8118959
11/23/2017,,,,,420865,155485,265380,8384339
11/24/2017,17.43,18.18,17.35,17.42,1309130,1464137,-155007,8229332
11/27/2017,17.59,18.19,17.59,18.17,1697198,1291815,405383,8634715
11/28/2017,18.17,19.06,18.17,19.02,1358930,1340673,18257,8652972
11/29/2017,19.09,19.69,19.06,19.52,1592013,1318607,273406,8926378
11/30/2017,19.22,19.3374,18.7,18.75,1452137,223412,1228725,10155103
12/1/2017,18.73,19.16,18.48,18.77,1941544,627810,1313734,11468837
12/4/2017,19.04,19.86,18.99,19.4,1464515,2420112,-955597,10513240
12/5/2017,19.53,19.65,18.95,19.27,1264009,806110,457899,10971139
12/6/2017,19.27,19.35,18.925,19.01,921494,1203284,-281790,10689349
12/7/2017,18.99,19.15,18.605,18.63,1220887,762532,458355,11147704
12/8/2017,18.67,19.375,18.67,19.2,672763,727096,-54333,11093371
12/11/2017,19.28,19.3573,18.67,19.07,702661,884202,-181541,10911830
12/12/2017,19.15,19.295,18.96,19.11,579225,1321340,-742115,10169715
12/13/2017,19.1,19.16,18.605,18.67,1263013,1266794,-3781,10165934
12/14/2017,18.81,18.93,18.34,18.38,1233539,1043492,190047,10355981
12/15/2017,18.44,18.58,18.17,18.34,566340,781680,-215340,10140641
12/18/2017,18.45,18.75,18.4,18.66,1935409,969024,966385,11107026
12/19/2017,18.7,18.8,18.37,18.39,830256,930981,-100725,11006301
12/20/2017,18.53,18.63,18.21,18.25,496555,969848,-473293,10533008
12/21/2017,18.29,18.47,18.01,18.45,616346,1442272,-825926,9707082
12/22/2017,18.45,18.53,18.25,18.29,446627,1061590,-614963,9092119
12/25/2017,,,,,218211,592755,-374544,8717575
12/26/2017,18.29,19.18,18.27,18.51,433831,905656,-471825,8245750
12/27/2017,18.51,18.57,18.2,18.25,679768,923684,-243916,8001834
12/28/2017,18.27,18.28,18.02,18.17,898436,1586480,-688044,7313790
12/29/2017,18.23,18.33,17.94,17.95,456866,863043,-406177,6907613
1/1/2018,,,,,334173,641670,-307497,6600116
1/2/2018,17.96,18.29,17.78,18.26,1949369,1473855,475514,7075630
1/3/2018,18.29,18.37,17.92,18.2,849280,566869,282411,7358041
1/4/2018,18.2,18.38,17.96,18.32,585930,503022,82908,7440949
1/5/2018,18.38,18.73,18.22,18.68,1065047,421571,643476,8084425
1/8/2018,18.8,19.4,18.8,19.23,575640,458778,116862,8201287
1/9/2018,19.31,19.75,19.31,19.55,1183409,1542708,-359299,7841988
1/10/2018,19.39,19.92,19.33,19.68,2214838,2135344,79494,7921482
1/11/2018,19.92,20.31,19.77,19.96,1132948,1102097,30851,7952333
1/12/2018,18.5,18.54,17.63,17.76,348569,715173,-366604,7585729
1/15/2018,,,,,260123,294606,-34483,7551246
1/16/2018,18,18.28,17.04,17.16,569173,234569,334604,7885850
1/17/2018,17.24,17.71,17.17,17.5,1129460,345100,784360,8670210
1/18/2018,17.47,17.93,17.21,17.86,1273325,458138,815187,9485397
1/19/2018,17.89,18.18,17.75,18.13,580649,553378,27271,9512668
1/22/2018,18.22,18.27,17.47,17.55,1657124,1970316,-313192,9199476
1/23/2018,17.52,17.569,17.17,17.4,1615954,948869,667085,9866561
1/24/2018,17.4,17.45,16.73,16.98,777917,621638,156279,10022840
1/25/2018,16.98,17.0366,16.61,16.84,496616,641013,-144397,9878443
1/26/2018,16.86,17.09,16.61,17.06,416653,532226,-115573,9762870
1/29/2018,17.05,17.2,16.801,17.15,222047,537050,-315003,9447867
1/30/2018,17.08,17.22,16.86,17.07,374526,607600,-233074,9214793
1/31/2018,17.14,17.27,16.695,16.81,419684,594285,-174601,9040192
2/1/2018,16.7,17.005,16.57,16.66,574154,617781,-43627,8996565
2/2/2018,16.56,16.66,16.22,16.23,521755,307168,214587,9211152
2/5/2018,16.14,16.22,15.64,15.65,369111,238929,130182,9341334
2/6/2018,15.36,16.38,15.101,16.14,1417300,179154,1238146,10579480
2/7/2018,16.16,16.67,16.15,16.47,2357532,948378,1409154,11988634
2/8/2018,16.45,16.55,15.76,15.83,1013752,590492,423260,12411894
2/9/2018,15.98,16.33,15.67,16.17,1488817,1014245,474572,12886466
2/12/2018,16.29,16.33,15.62,15.8,993800,632039,361761,13248227
2/13/2018,15.76,15.86,15.49,15.58,1358839,659754,699085,13947312
2/14/2018,15.58,16.4,15.53,16.22,290448,294152,-3704,13943608
2/15/2018,16.3,16.5,16.235,16.41,348447,242823,105624,14049232
2/16/2018,16.52,16.97,16.25,16.4,506683,642499,-135816,13913416
2/19/2018,,,,,122900,153300,-30400,13883016
2/20/2018,16.3,16.32,15.775,15.86,1046547,1049025,-2478,13880538
2/21/2018,15.9,16.21,15.66,15.69,2133951,2817052,-683101,13197437
2/22/2018,15.81,15.9283,15.57,15.62,2068638,2098944,-30306,13167131
2/23/2018,15.79,15.99,15.67,15.97,860646,1030049,-169403,12997728
2/26/2018,16,16.0999,15.84,16.08,4107378,1867330,2240048,15237776
2/27/2018,16.1,16.59,15.57,15.57,462796,556754,-93958,15143818
2/28/2018,15.65,15.95,15.58,15.69,1061747,492459,569288,15713106
3/1/2018,15.79,16.23,15.76,15.97,293278,947694,-654416,15058690
3/2/2018,15.56,15.99,15.38,15.93,562181,373962,188219,15246909
3/5/2018,15.87,16.11,15.68,16.05,1272948,158743,1114205,16361114
3/6/2018,16.05,16.17,15.8,16.06,1582817,1301840,280977,16642091
3/7/2018,15.85,16.17,15.84,15.94,1880645,1060661,819984,17462075
3/8/2018,15.95,16.0497,15.48,15.64,828970,1596024,-767054,16695021
3/9/2018,15.69,15.89,15.51,15.85,807681,1137660,-329979,16365042
3/12/2018,15.85,16.01,15.5,15.55,913965,1227882,-313917,16051125
3/13/2018,15.63,16.005,15.58,15.61,1285380,749544,535836,16586961
3/14/2018,15.72,15.82,15.43,15.46,1111617,512564,599053,17186014
3/15/2018,15.5,15.62,15.26,15.31,675303,1833129,-1157826,16028188
3/16/2018,15.34,15.66,15.315,15.42,860776,1380879,-520103,15508085
3/19/2018,15.24,15.41,14.76,14.81,860775,880791,-20016,15488069
3/20/2018,14.82,14.95,14.35,14.47,2274249,860398,1413851,16901920
3/21/2018,14.31,14.45,14.01,14.02,1636737,1265195,371542,17273462
3/22/2018,13.94,14.09,13.59,13.83,856405,453413,402992,17676454
3/23/2018,13.92,13.94,13.49,13.5,893675,896151,-2476,17673978
3/26/2018,13.7,14.09,13.585,14.04,826755,661010,165745,17839723
3/27/2018,14.07,14.21,13.7739,13.88,1789054,745442,1043612,18883335
3/28/2018,14,14.31,13.81,14.15,784993,889161,-104168,18779167
3/29/2018,12.65,13,12.2,12.62,825700,2699102,-1873402,16905765
3/30/2018,,,,,513700,2142051,-1628351,15277414
4/2/2018,12.51,13.28,12.5,12.82,1022465,723701,298764,15576178
4/3/2018,12.64,13.125,12.6,13.01,2754729,1108323,1646406,17222584
4/4/2018,12.82,13.48,12.71,13.34,2137467,1406871,730596,17953180
4/5/2018,13.35,13.63,13.27,13.56,1382730,478888,903842,18857022
4/6/2018,13.42,13.66,13.24,13.43,2275345,838376,1436969,20293991
4/9/2018,13.51,13.76,13.43,13.48,1198203,673511,524692,20818683
4/10/2018,13.68,13.855,13.51,13.68,1119980,694766,425214,21243897
4/11/2018,13.62,13.98,13.6,13.84,1061483,790237,271246,21515143
4/12/2018,13.86,13.87,13.47,13.63,1238471,508017,730454,22245597
4/13/2018,13.73,13.94,13.55,13.61,832502,1068889,-236387,22009210
4/16/2018,13.73,13.9,13.6,13.81,405640,291700,113940,22123150
4/17/2018,13.89,14.18,13.84,13.94,1592707,1552101,40606,22163756
4/18/2018,13.99,14.03,13.6,13.66,2247579,194269,2053310,24217066
4/19/2018,13.66,13.78,13.45,13.52,548500,328857,219643,24436709
4/20/2018,13.47,13.54,12.81,12.88,912509,905939,6570,24443279
4/23/2018,12.9,13.35,12.9,13.2,368153,505539,-137386,24305893
4/24/2018,13.29,13.64,13.115,13.41,1356154,1311817,44337,24350230
4/25/2018,13.35,13.63,13.29,13.46,1047783,446079,601704,24951934
4/26/2018,13.6,13.88,13.45,13.67,1727599,460412,1267187,26219121
4/27/2018,13.68,13.91,13.6,13.86,1705640,1532139,173501,26392622
4/30/2018,13.97,14,13.56,13.65,1477216,677915,799301,27191923
5/1/2018,13.58,13.89,13.47,13.85,1742767,1534011,208756,27400679
5/2/2018,13.86,13.87,13.35,13.45,1541366,1004985,536381,27937060
5/3/2018,13.42,13.49,12.8,12.83,452058,613761,-161703,27775357
5/4/2018,12.83,13.08,12.74,13,1316251,907727,408524,28183881
5/7/2018,13.02,13.029,12.775,12.89,1141640,915447,226193,28410074
5/8/2018,12.84,12.94,12.55,12.79,766373,1021874,-255501,28154573
5/9/2018,12.82,12.96,12.61,12.93,992710,633491,359219,28513792
5/10/2018,12.96,13.2,12.88,13.03,4450823,4172265,278558,28792350
5/11/2018,12.6,12.84,12.465,12.71,1270401,977485,292916,29085266
5/14/2018,12.69,13.48,12.61,13.26,1588885,624234,964651,30049917
5/15/2018,13.25,13.61,13.23,13.51,1469700,506700,963000,31012917
5/16/2018,13.75,13.88,13.33,13.55,1340785,1001058,339727,31352644
5/17/2018,13.5,13.77,13.48,13.62,473214,331900,141314,31493958
5/18/2018,13.53,13.53,12.255,12.46,1578797,1213053,365744,31859702
5/21/2018,12.52,12.885,12.49,12.78,1199813,1100510,99303,31959005
5/22/2018,12.78,12.91,12.54,12.67,1009480,1722101,-712621,31246384
5/23/2018,12.54,12.75,12.44,12.72,1839838,1785272,54566,31300950
5/24/2018,12.58,12.78,12.45,12.74,747522,1209914,-462392,30838558
5/25/2018,12.76,12.8,12.58,12.67,,,0,30838558
5/28/2018,,,,,747522,1209914,-462392,30376166
5/29/2018,12.58,13.11,12.55,13.05,816394,1062528,-246134,30130032
5/30/2018,13.1,13.6,12.89,13.42,716412,510418,205994,30336026
5/31/2018,13.48,13.59,12.97,13.2,598907,1130860,-531953,29804073
6/1/2018,12.8,13.72,12.79,13.72,622787,773467,-150680,29653393
6/4/2018,13.79,14.25,13.44,14.24,605448,587027,18421,29671814
6/5/2018,14.24,14.65,14,14.6,,,0,29671814
6/6/2018,14.68,14.69,14.25,14.42,1443663,687696,755967,30427781
6/7/2018,14.5,14.65,14.3674,14.49,1573759,1331543,242216,30669997
6/8/2018,14.53,14.62,14.405,14.53,1355928,1837028,-481100,30188897
6/11/2018,14.15,14.33,14.06,14.29,779093,1328211,-549118,29639779
6/12/2018,14.32,14.37,14.05,14.05,1328102,964640,363462,30003241
6/13/2018,13.97,13.97,13.05,13.33,6547282,3422436,3124846,33128087
6/14/2018,13.3,13.32,12.7,12.85,4739052,5280197,-541145,32586942
6/15/2018,12.76,14.36,12.76,13.96,3422962,1969025,1453937,34040879
6/18/2018,13.95,15.78,13.37,15.2,2344456,593962,1750494,35791373
6/19/2018,15.35,15.76,15.1,15.75,3008855,1077308,1931547,37722920
6/20/2018,15.78,15.81,15.32,15.71,,,0,37722920
6/21/2018,15.81,15.98,15.49,15.53,1379545,2473185,-1093640,36629280
6/22/2018,15.55,15.685,15.11,15.52,2218097,2123509,94588,36723868
6/25/2018,15.41,15.72,14.94,15.11,2455896,1146045,1309851,38033719
6/26/2018,15.19,15.2,14.69,14.97,,,0,38033719
6/27/2018,15,15.17,14.58,14.6,2271261,3256600,-985339,37048380
6/28/2018,14.59,14.89,14.49,14.88,1902122,2067194,-165072,36883308
6/29/2018,14.99,15.07,14.51,14.57,,,0,36883308
7/2/2018,14.59,14.7,14.03,14.16,1816982,2111336,-294354,36588954
7/3/2018,14.17,14.31,14,14.05,1641697,1834669,-192972,36395982
7/4/2018,,,,,785589,1200845,-415256,35980726
7/5/2018,14.08,14.7,14.04,14.63,1602060,1190570,411490,36392216
7/6/2018,14.67,15.23,14.64,15.15,1274861,1561539,-286678,36105538
7/9/2018,15.57,15.625,15.165,15.47,1421523,1926039,-504516,35601022
7/10/2018,15.53,15.54,14.81,14.86,1661992,1670877,-8885,35592137
7/11/2018,14.77,14.83,14.46,14.7,2260923,3053798,-792875,34799262
7/12/2018,14.75,15.12,14.74,15.09,3407365,4886745,-1479380,33319882
7/13/2018,14.99,15.46,14.99,15.28,4221166,4266568,-45402,33274480
7/16/2018,15.27,15.38,15.055,15.22,,,0,33274480
7/17/2018,15.17,15.42,14.54,14.58,3319183,2003737,1315446,34589926
7/18/2018,14.6,14.65,14.315,14.58,,,0,34589926
7/19/2018,14.58,15.03,14.5,14.92,,,0,34589926
7/20/2018,14.91,15.21,14.88,15.08,1461273,958479,502794,35092720
7/23/2018,15.05,15.09,14.78,14.89,1517457,1682673,-165216,34927504
7/24/2018,14.98,14.98,14.66,14.78,1386014,1997192,-611178,34316326
7/25/2018,14.69,14.704,14.25,14.51,2119557,2492189,-372632,33943694
7/26/2018,14.51,15.04,14.5,14.81,1947060,2591125,-644065,33299629
7/27/2018,14.91,14.97,14.55,14.83,3312999,2273355,1039644,34339273
7/30/2018,14.88,14.98,14.59,14.7,1000205,895257,104948,34444221
7/31/2018,14.72,14.73,14.41,14.41,,,0,34444221
8/1/2018,14.42,14.88,14.4,14.73,2362148,2709792,-347644,34096577
8/2/2018,14.61,14.775,14.41,14.62,1698437,1415040,283397,34379974
8/3/2018,14.69,14.9,14.6,14.85,,,0,34379974
8/6/2018,14.88,14.98,14.74,14.86,1135399,1589083,-453684,33926290
8/7/2018,14.92,15.215,14.82,15.12,2029761,1345470,684291,34610581
8/8/2018,15.12,15.315,15.01,15.25,1402907,885551,517356,35127937
8/9/2018,15.25,15.46,14.98,15.21,1667191,590573,1076618,36204555
8/10/2018,15.18,15.6,15.1,15.32,719387,310270,409117,36613672
8/13/2018,15.35,15.38,15.11,15.21,1204328,549359,654969,37268641
8/14/2018,15.27,15.57,15.195,15.5,509522,2966047,-2456525,34812116
8/15/2018,15.46,15.495,15.19,15.42,1464117,1405288,58829,34870945
8/16/2018,15.54,15.56,15.215,15.22,1528184,1072618,455566,35326511
8/17/2018,15.17,15.35,14.99,15.33,531942,429856,102086,35428597
8/20/2018,15.4,15.98,15.35,15.85,682799,732687,-49888,35378709
8/21/2018,16,16.57,15.825,16.49,904841,969944,-65103,35313606
8/22/2018,16.54,17.27,16.51,16.98,906053,835986,70067,35383673
8/23/2018,16.98,17.21,16.62,16.76,2018000,1134205,883795,36267468
8/24/2018,16.76,16.8398,16.2,16.55,870516,714364,156152,36423620
8/27/2018,16.47,16.5,14.55,14.71,1544550,388748,1155802,37579422
8/28/2018,14.71,14.75,14,14.03,1605966,1203369,402597,37982019
8/29/2018,14.14,14.3,13.75,14.12,2949945,985446,1964499,39946518
8/30/2018,13.99,13.99,13.52,13.58,2423638,2947276,-523638,39422880
8/31/2018,13.61,13.63,13.18,13.27,1043406,569869,473537,39896417
9/3/2018,,,,,849090,427039,422051,40318468
9/4/2018,13.17,14.1,13.08,14.05,1142695,1503424,-360729,39957739
9/5/2018,13.97,16.53,13.96,16.26,2539294,799647,1739647,41697386
9/6/2018,16.15,16.25,15.08,16.14,2089792,1423879,665913,42363299
9/7/2018,15.25,16.38,14.76,16.13,2359292,1479300,879992,43243291
9/10/2018,16.16,16.35,15.87,16,412504,704283,-291779,42951512
9/11/2018,16,16.6001,16,16.16,603982,873198,-269216,42682296
9/12/2018,16.17,16.76,16.17,16.66,,,0,42682296
9/13/2018,16.71,17.04,16.61,17.04,462636,982732,-520096,42162200
9/14/2018,16.97,17,16.465,16.79,633690,3037684,-2403994,39758206
9/17/2018,16.71,16.86,16.5,16.61,504701,865665,-360964,39397242
9/18/2018,16.42,16.68,16.345,16.5,831534,1928815,-1097281,38299961
9/19/2018,16.5,16.8,16.45,16.6,9587329,5175434,4411895,42711856
9/20/2018,16.6,16.81,16.45,16.49,4587328,5757445,-1170117,41541739
9/21/2018,16.45,16.75,16.435,16.52,4788878,9461951,-4673073,36868666
9/24/2018,16.42,16.42,15.49,15.52,4393923,3703606,690317,37558983
9/25/2018,15.64,16.09,15.3,16.02,5877686,3253800,2623886,40182869
9/26/2018,16.14,16.14,15.535,15.59,2874149,3994313,-1120164,39062705
9/27/2018,15.68,15.75,15.425,15.55,5191058,5297727,-106669,38956036
9/28/2018,15.54,15.8485,15.19,15.27,4500914,6601860,-2100946,36855090
10/1/2018,15.28,15.54,14.98,15.28,5747465,4018756,1728709,38583799
10/2/2018,15.17,15.31,14.84,14.87,5341396,3977185,1364211,39948010
10/3/2018,15,15.17,14.75,14.92,4229598,5371636,-1142038,38805972
10/4/2018,14.97,15.12,14.715,14.82,2185781,2533607,-347826,38458146
10/5/2018,14.83,14.93,14.58,14.68,4218215,6265003,-2046788,36411358
10/8/2018,14.71,15.19,14.66,14.98,2409623,2165052,244571,36655929
10/9/2018,14.93,15.4499,14.7,14.76,2688580,2442348,246232,36902161
10/10/2018,14.81,15.17,14.81,14.83,1668653,3430233,-1761580,35140581
10/11/2018,14.79,15.1,14.65,14.66,2120480,3248719,-1128239,34012342
10/12/2018,14.9,15.15,14.7,14.8,2444914,3231682,-786768,33225574
10/15/2018,14.81,15.0699,14.78,14.88,2839965,2254121,585844,33811418
10/16/2018,14.97,15.3,14.7752,15.29,1803958,1284255,519703,34331121
10/17/2018,15.29,15.48,14.78,15.32,3284922,1827458,1457464,35788585
10/18/2018,15.3,15.42,14.9,15.06,2067834,1753832,314002,36102587
10/19/2018,14.87,15,14.47,14.73,1231153,2625021,-1393868,34708719
10/22/2018,14.82,15.22,14.69,15.12,2420700,2810784,-390084,34318635
10/23/2018,14.99,15.31,14.7899,15.27,2845170,4305079,-1459909,32858726
10/24/2018,15.3,15.6,15.07,15.07,4761622,3246777,1514845,34373571
10/25/2018,15.12,15.2,14.28,14.44,1896511,1870468,26043,34399614
10/26/2018,14.43,14.43,13.64,13.71,,,0,34399614
10/29/2018,13.84,14.955,13.77,14.53,,,0,34399614
10/30/2018,14.57,15.1106,14.4,14.67,,,0,34399614
10/31/2018,14.81,14.82,14.2627,14.6,,,0,34399614
11/1/2018,14.61,15.35,14.6,15.35,,,0,34399614
11/2/2018,15.42,15.755,15.19,15.61,,,0,34399614
11/5/2018,15.55,15.56,14.89,14.99,963077,3320363,-2357286,32042328
11/6/2018,14.95,15.05,14.83,14.95,2705716,3274147,-568431,31473897
11/7/2018,15,15.05,14.65,14.9,4583798,4702879,-119081,31354816
11/8/2018,14.9,15.02,14.78,14.86,4104929,2656710,1448219,32803035
11/9/2018,14.72,14.8,14.315,14.64,1382408,2523570,-1141162,31661873
11/12/2018,14.66,14.78,13.86,13.88,387645,1317656,-930011,30731862
11/13/2018,13.9,14.175,13.78,13.88,1984247,1304548,679699,31411561
11/14/2018,14.09,14.11,12.88,12.96,467191,774318,-307127,31104434
11/15/2018,12.96,13.25,12.77,13.13,1067628,1043640,23988,31128422
11/16/2018,12.99,12.99,12.45,12.79,1752465,1783377,-30912,31097510
11/19/2018,12.84,13.16,12.77,13.03,2927939,1988982,938957,32036467
11/20/2018,12.6,12.905,12.14,12.28,5118151,3541149,1577002,33613469
11/21/2018,12.47,14.5,12.305,13.71,2348402,1318837,1029565,34643034
11/22/2018,,,,,315200,445500,-130300,34512734
11/23/2018,13.7,13.76,13.16,13.5,897773,1134390,-236617,34276117
11/26/2018,13.99,14.78,13.9875,14.58,2331760,890343,1441417,35717534
11/27/2018,14.39,14.97,14.2,14.72,1234141,690799,543342,36260876
11/28/2018,14.72,15.065,14.72,15.01,589260,1237139,-647879,35612997
11/29/2018,15.05,15.22,14.54,14.63,980868,914932,65936,35678933
11/30/2018,12.99,13.96,12.8,13.66,925724,1063193,-137469,35541464
12/3/2018,13.82,13.98,13.53,13.87,2480321,764068,1716253,37257717
12/4/2018,13.99,14.11,13.44,13.5,959535,2083185,-1123650,36134067
12/5/2018,,,,,973114,1810539,-837425,35296642
12/6/2018,13.5,13.77,13.24,13.56,887363,981703,-94340,35202302
12/7/2018,13.55,14.04,13.5,13.68,688114,255464,432650,35634952
12/10/2018,13.38,13.44,12.83,13.23,1568934,754157,814777,36449729
12/11/2018,13.35,13.4,12.8504,12.95,1193184,562333,630851,37080580
12/12/2018,13.06,13.53,12.98,13.23,1226686,5725402,-4498716,32581864
12/13/2018,13.24,13.36,12.67,12.79,2257252,2761273,-504021,32077843
12/14/2018,12.69,13,12.69,12.76,1152755,1983443,-830688,31247155
12/17/2018,12.66,13.1028,12.55,12.65,1277419,650499,626920,31874075
12/18/2018,12.65,13.025,12.61,12.73,1247789,809659,438130,32312205
12/19/2018,12.76,12.975,12.523,12.58,,,0,32312205
12/20/2018,12.6,12.9373,12.21,12.43,1798829,1002885,795944,33108149
12/21/2018,12.39,12.68,11.765,11.96,824601,833222,-8621,33099528
12/24/2018,11.97,12.02,11.64,11.67,,,0,33099528
12/25/2018,,,,,275246,446546,-171300,32928228
12/26/2018,11.72,12.4,11.56,12.4,,,0,32928228
12/27/2018,12.24,12.25,11.63,12.18,,,0,32928228
12/28/2018,12.21,12.49,12.01,12.28,,,0,32928228
12/31/2018,12.33,12.67,12.305,12.62,671200,575179,96021,33024249
1/2/2019,12.45,13.18,12.42,13.07,,,0,33024249
1/3/2019,12.98,13.255,12.69,12.97,,,0,33024249
1/4/2019,14.03,15.29,13.7,15.24,,,0,33024249
1/7/2019,15.11,15.81,14.94,15.48,,,0,33024249
1/8/2019,15.5,15.885,15.15,15.81,,,0,33024249
1/9/2019,15.84,16.39,15.72,15.98,,,0,33024249
1/10/2019,15.74,16,15.52,15.96,,,0,33024249
1/11/2019,15.86,16.05,15.765,15.85,,,0,33024249
1/14/2019,15.84,16.14,15.57,15.64,,,0,33024249
1/15/2019,15.6,15.64,15.19,15.53,,,0,33024249
1/16/2019,15.57,15.89,15.38,15.68,,,0,33024249
1/17/2019,15.49,15.825,15.2992,15.77,,,0,33024249
1/18/2019,16.02,16.903,15.88,15.93,659489,2219400,-1559911,31464338
1/21/2019,,,,,243721,588420,-344699,31119639
1/22/2019,15.81,15.9,15.16,15.27,1369457,1630690,-261233,30858406
1/23/2019,15.31,15.57,15.1299,15.48,1733600,1452916,280684,31139090
1/24/2019,15.48,15.8,15.4392,15.8,2390672,2094126,296546,31435636
1/25/2019,15.96,16.06,15.73,15.9,777622,1581318,-803696,30631940
1/28/2019,15.74,15.79,14.99,15.5,631878,886658,-254780,30377160
1/29/2019,12.39,12.5,11.1101,11.28,2978546,1898012,1080534,31457694
1/30/2019,11.25,11.37,11.11,11.2,3427132,763010,2664122,34121816
1/31/2019,11.17,11.53,11.1,11.34,2322407,822347,1500060,35621876
2/1/2019,11.31,11.43,11.18,11.24,2195027,1145617,1049410,36671286
2/4/2019,11.24,11.48,11,11.37,4135797,3144081,991716,37663002
2/5/2019,11.36,11.81,11.35,11.79,567650,1016251,-448601,37214401
2/6/2019,11.62,11.7,11.4,11.51,571307,1080793,-509486,36704915
2/7/2019,11.4,11.59,11.225,11.47,1065640,722256,343384,37048299
2/8/2019,11.39,11.49,11.31,11.35,1090710,2016792,-926082,36122217
2/11/2019,11.38,11.39,11.16,11.3,912849,919437,-6588,36115629
2/12/2019,11.3,11.59,11.3,11.55,949808,1346460,-396652,35718977
2/13/2019,11.56,11.745,11.38,11.47,2157278,2755652,-598374,35120603
2/14/2019,11.37,11.42,11.24,11.33,2219811,3849189,-1629378,33491225
2/15/2019,11.33,11.44,11.28,11.43,1675323,1368546,306777,33798002
2/18/2019,,,,,1266342,1112465,153877,33951879
2/19/2019,11.46,11.47,11.13,11.2,1398004,1212290,185714,34137593
2/20/2019,11.23,11.3,11.15,11.2,639742,772242,-132500,34005093
2/21/2019,11.23,11.29,11.01,11.03,2629381,327911,2301470,36306563
2/22/2019,11.02,11.38,11.02,11.37,1187024,680454,506570,36813133
2/25/2019,11.38,11.8,11.38,11.55,935650,747517,188133,37001266
2/26/2019,11.54,11.71,11.5,11.64,1662405,945527,716878,37718144
2/27/2019,11.66,11.93,11.62,11.67,1454471,724775,729696,38447840
2/28/2019,11.69,11.86,11.59,11.7,800385,1149820,-349435,38098405
3/1/2019,11.88,12.01,11.75,11.75,334666,444836,-110170,37988235
3/4/2019,11.79,11.85,11.47,11.57,70338,341222,-270884,37717351
3/5/2019,12.08,12.1,11.36,11.6,397307,326641,70666,37788017
3/6/2019,11.66,11.865,11.56,11.56,199963,397611,-197648,37590369
3/7/2019,11.56,11.66,11.435,11.59,1284100,206802,1077298,38667667
3/8/2019,11.07,11.22,10.75,10.97,760864,583954,176910,38844577
3/11/2019,10.98,11.28,10.89,11.26,1861245,855592,1005653,39850230
3/12/2019,11.28,11.55,11.23,11.47,1153166,2794822,-1641656,38208574
3/13/2019,11.54,11.6385,11.47,11.58,2025694,1257634,768060,38976634
3/14/2019,11.31,11.34,10.9,10.95,1197584,271301,926283,39902917
3/15/2019,10.99,11.12,10.9,11.06,989188,1498161,-508973,39393944
3/18/2019,11.09,11.17,10.98,11.07,2454070,2637135,-183065,39210879
3/19/2019,11.07,11.24,10.9,10.96,1294282,2096174,-801892,38408987
3/20/2019,10.96,10.96,10.4,10.5,1368526,3082655,-1714129,36694858
3/21/2019,10.47,10.725,10.35,10.55,871580,2239781,-1368201,35326657
3/22/2019,10.65,10.66,10.44,10.45,1028164,2572373,-1544209,33782448
3/25/2019,10.46,10.49,10.07,10.14,1322490,1133755,188735,33971183
3/26/2019,10.11,10.435,10.09,10.35,2301615,1452578,849037,34820220
3/27/2019,10.37,10.54,10.25,10.29,2271085,2426469,-155384,34664836
3/28/2019,10.36,10.49,10.07,10.19,1954609,2128486,-173877,34490959
3/29/2019,10.21,10.36,10.15,10.16,1452274,1877516,-425242,34065717
4/1/2019,10.29,10.42,10.04,10.37,1102377,269577,832800,34898517
4/2/2019,10.37,10.41,10.09,10.1,736082,1212285,-476203,34422314
4/3/2019,8.86,10.03,8.82,9.63,1523867,694252,829615,35251929
4/4/2019,9.74,10.06,9.655,10.03,3521094,977713,2543381,37795310
4/5/2019,9.96,10.01,9.79,9.86,720357,1380868,-660511,37134799
4/8/2019,9.79,10.08,9.73,9.94,1756794,2327298,-570504,36564295
4/9/2019,9.85,10,9.81,9.82,1793038,4464620,-2671582,33892713
4/10/2019,9.88,10.01,9.875,9.97,921627,825020,96607,33989320
4/11/2019,9.98,9.98,9.74,9.76,741122,1787227,-1046105,32943215
4/12/2019,9.79,9.83,9.29,9.32,524086,919124,-395038,32548177
4/15/2019,9.27,9.35,8.81,8.94,496336,522050,-25714,32522463
4/16/2019,9,9.15,8.9473,9.08,762039,1173766,-411727,32110736
4/17/2019,9.11,9.12,8.75,8.94,3143202,2417460,725742,32836478
4/18/2019,8.86,9.0275,8.74,8.77,874464,1137585,-263121,32573357
4/19/2019,,,,,431107,511207,-80100,32493257
4/22/2019,8.75,8.8173,8.53,8.65,522795,803032,-280237,32213020
4/23/2019,8.64,8.965,8.64,8.89,524995,1475297,-950302,31262718
4/24/2019,8.9,9.06,8.89,9.01,1116567,335102,781465,32044183
4/25/2019,8.99,9,8.715,8.95,1298274,1580286,-282012,31762171
4/26/2019,8.93,9.03,8.88,8.89,803077,1318531,-515454,31246717
4/29/2019,8.89,8.9,8.705,8.76,1817431,515925,1301506,32548223
4/30/2019,8.8,8.85,8.65,8.65,535053,1035905,-500852,32047371
5/1/2019,8.66,8.79,8.47,8.51,499323,856919,-357596,31689775
5/2/2019,8.51,8.83,8.51,8.77,172335,1373227,-1200892,30488883
5/3/2019,8.81,8.99,8.77,8.97,711998,221737,490261,30979144
5/6/2019,8.85,8.92,8.66,8.85,540990,786750,-245760,30733384
5/7/2019,8.77,8.92,8.685,8.77,995976,503441,492535,31225919
5/8/2019,8.75,8.845,8.65,8.69,804606,1389212,-584606,30641313
5/9/2019,8.6,8.65,8.4753,8.52,972131,497427,474704,31116017
5/10/2019,8.52,8.58,8.36,8.48,1005033,1045228,-40195,31075822
5/13/2019,8.33,8.37,8.17,8.26,968802,885635,83167,31158989
5/14/2019,8.32,8.55,8.24,8.53,1414063,888236,525827,31684816
5/15/2019,8.44,8.71,8.44,8.69,1196141,725697,470444,32155260
5/16/2019,8.74,8.84,8.64,8.67,1074965,872559,202406,32357666
5/17/2019,8.54,8.78,8.54,8.61,547878,906956,-359078,31998588
5/20/2019,8.46,8.52,7.98,8.06,808740,920032,-111292,31887296
5/21/2019,8.07,8.14,7.89,8.13,994500,660670,333830,32221126
5/22/2019,8.07,8.08,7.76,7.9,1493417,377381,1116036,33337162
5/23/2019,7.84,7.86,7.67,7.7,441222,1446012,-1004790,32332372
5/24/2019,7.71,7.855,7.71,7.82,1271977,910625,361352,32693724
5/27/2019,,,,,497775,136670,361105,33054829
5/28/2019,7.85,7.99,7.74,7.74,973294,937740,35554,33090383
5/29/2019,7.73,7.75,7.39,7.57,401672,1044993,-643321,32447062
5/30/2019,7.57,7.7,7.53,7.6,373856,432286,-58430,32388632
5/31/2019,7.47,7.66,7.32,7.58,787937,205737,582200,32970832
6/3/2019,7.58,7.65,7.42,7.47,1163563,763625,399938,33370770
6/4/2019,7.58,7.85,7.52,7.82,1055456,526897,528559,33899329
6/5/2019,5.49,5.59,4.71,5.04,5896637,780350,5116287,39015616
6/6/2019,4.98,5.13,4.84,5.13,6651867,251685,6400182,45415798
6/7/2019,5.13,5.23,4.985,5.02,2029532,3916937,-1887405,43528393
6/10/2019,5.37,5.55,5.29,5.44,6348233,2185238,4162995,47691388
6/11/2019,5.53,5.85,5.49,5.72,2322224,1829007,493217,48184605
6/12/2019,5.68,5.8,5.5,5.5,2734085,665082,2069003,50253608
6/13/2019,5.55,5.73,5.485,5.7,387680,2431898,-2044218,48209390
6/14/2019,5.7,5.825,5.61,5.63,292380,3383859,-3091479,45117911
6/17/2019,5.63,5.81,5.6,5.7,872968,2134760,-1261792,43856119
6/18/2019,5.71,5.83,5.67,5.73,773477,339232,434245,44290364
6/19/2019,5.75,5.75,5.61,5.63,723249,726289,-3040,44287324
6/20/2019,5.66,5.69,5.52,5.53,,,0,44287324
6/21/2019,5.52,5.52,5.31,5.42,,,0,44287324
6/24/2019,5.41,5.47,5.28,5.37,227074,70189,156885,44444209
6/25/2019,5.34,5.53,5.32,5.45,702605,1025303,-322698,44121511
6/26/2019,5.47,5.52,5.38,5.47,773176,408700,364476,44485987
6/27/2019,5.46,5.59,5.425,5.54,348125,484407,-136282,44349705
6/28/2019,5.53,5.58,5.44,5.47,114338,109350,4988,44354693
7/1/2019,5.53,5.57,5.34,5.36,164122,545081,-380959,43973734
7/2/2019,5.35,5.45,5.32,5.38,747787,294331,453456,44427190
7/3/2019,5.41,5.43,5.27,5.31,774201,1375041,-600840,43826350
7/4/2019,,,,,1650935,1188833,462102,44288452
7/5/2019,5.3,5.64,5.27,5.52,324924,119611,205313,44493765
7/8/2019,5.5,5.53,5.42,5.45,5810148,1044673,4765475,49259240
7/9/2019,5.48,5.55,5.28,5.31,11884646,1168744,10715902,59975142
7/10/2019,5.35,5.37,5.17,5.18,3415431,3171912,243519,60218661
7/11/2019,4.98,5.01,4.73,4.84,,,0,60218661
7/12/2019,4.86,4.93,4.805,4.91,3024548,4916380,-1891832,58326829
7/15/2019,4.87,4.89,4.75,4.75,4834444,2994319,1840125,60166954
7/16/2019,4.76,4.81,4.63,4.63,1997221,703409,1293812,61460766
7/17/2019,4.63,4.645,4.33,4.38,1736357,560362,1175995,62636761
7/18/2019,4.39,4.4185,4.12,4.2,1597821,8025217,-6427396,56209365
7/19/2019,4.22,4.415,4.22,4.32,2856829,5273750,-2416921,53792444
7/22/2019,4.33,4.4,4.12,4.14,2381262,2064965,316297,54108741
7/23/2019,4.15,4.2,3.98,4.09,2983945,5835925,-2851980,51256761
7/24/2019,4.08,4.195,4.05,4.08,2923204,3864593,-941389,50315372
7/25/2019,4.1,4.32,3.97,3.98,2808951,2814527,-5576,50309796
7/26/2019,4,4.08,3.96,4.01,1113120,1162494,-49374,50260422
7/29/2019,4.02,4.16,4.02,4.12,873149,1295245,-422096,49838326
7/30/2019,4.1,4.13,3.9,4.03,,,0,49838326
7/31/2019,4.03,4.18,4,4.02,5267972,3704334,1563638,51401964
8/1/2019,4.02,4.06,3.78,3.84,2843021,2575627,267394,51669358
8/2/2019,3.83,3.89,3.75,3.78,1431575,772178,659397,52328755
8/5/2019,3.72,3.75,3.575,3.71,2082943,2197484,-114541,52214214
8/6/2019,3.73,3.82,3.63,3.81,3745014,5240412,-1495398,50718816
8/7/2019,3.74,3.845,3.66,3.81,1311382,1404461,-93079,50625737
8/8/2019,3.84,3.91,3.77,3.89,4056988,2872690,1184298,51810035
8/9/2019,3.83,3.86,3.59,3.59,1972765,4293709,-2320944,49489091
8/12/2019,3.58,3.62,3.44,3.51,1294531,1305088,-10557,49478534
8/13/2019,3.48,3.76,3.47,3.47,1616914,1653506,-36592,49441942
8/14/2019,3.39,3.42,3.19,3.32,1520141,944341,575800,50017742
8/15/2019,3.32,3.41,3.15,3.21,1192182,1721551,-529369,49488373
8/16/2019,3.25,3.36,3.21,3.32,1337298,1474447,-137149,49351224
8/19/2019,3.37,3.47,3.34,3.38,4157708,2483894,1673814,51025038
8/20/2019,3.35,3.46,3.28,3.42,280337,650892,-370555,50654483
8/21/2019,3.5,3.62,3.44,3.54,747100,493531,253569,50908052
8/22/2019,3.97,4.25,3.72,3.87,1269275,2326086,-1056811,49851241
8/23/2019,3.84,3.9,3.56,3.65,3163538,549255,2614283,52465524
8/26/2019,3.72,4.04,3.645,3.82,2075697,1804967,270730,52736254
8/27/2019,3.87,3.93,3.68,3.7,634674,384374,250300,52986554
8/28/2019,3.7,3.97,3.67,3.88,836746,721454,115292,53101846
8/29/2019,3.93,4.29,3.75,4.23,2534965,443406,2091559,55193405
8/30/2019,4.26,4.36,3.92,3.97,2957473,336173,2621300,57814705
9/2/2019,,,,,1434900,246300,1188600,59003305
9/3/2019,3.97,4.07,3.66,3.81,1526213,248258,1277955,60281260
9/4/2019,3.88,4,3.85,3.98,1549266,855032,694234,60975494
9/5/2019,4.08,4.24,4.07,4.23,1230603,1331851,-101248,60874246
9/6/2019,4.24,4.36,4.14,4.31,731165,1633400,-902235,59972011
9/9/2019,4.35,4.92,4.35,4.76,1298233,1213100,85133,60057144
9/10/2019,4.87,5.1,4.51,5.09,1482447,981284,501163,60558307
9/11/2019,4.19,4.95,3.97,4.59,2938068,1595431,1342637,61900944
9/12/2019,4.6,4.81,4.4332,4.58,2127675,988132,1139543,63040487
9/13/2019,4.62,4.77,4.37,4.41,2532709,3551499,-1018790,62021697
9/16/2019,4.3,4.4675,4.27,4.35,1135114,1817531,-682417,61339280
9/17/2019,4.3,4.34,4.13,4.33,786466,1779617,-993151,60346129
9/18/2019,4.33,4.69,4.33,4.6,1270400,4206782,-2936382,57409747
9/19/2019,4.64,4.67,4.42,4.44,1402263,863959,538304,57948051
9/20/2019,4.59,4.8,4.5,4.7,1307940,1559989,-252049,57696002
9/23/2019,4.68,5.2,4.61,5.02,1977573,871031,1106542,58802544
9/24/2019,5.14,5.5,4.98,5.01,1267174,744249,522925,59325469
9/25/2019,5.09,5.55,5.08,5.2,1626937,597424,1029513,60354982
9/26/2019,5.19,5.34,5.08,5.28,2019246,600229,1419017,61773999
9/27/2019,5.25,5.45,5.22,5.34,1277990,653981,624009,62398008
9/30/2019,5.43,5.64,5.4,5.52,1847190,571668,1275522,63673530
10/1/2019,5.64,5.815,5.49,5.58,2250148,1128533,1121615,64795145
10/2/2019,5.55,5.5532,5.24,5.32,1801943,1003805,798138,65593283
10/3/2019,5.3,5.48,5.23,5.42,3136570,2125980,1010590,66603873
10/4/2019,5.43,5.56,5.37,5.55,2761354,2810297,-48943,66554930
10/7/2019,5.48,5.58,5.41,5.49,2053165,675329,1377836,67932766
10/8/2019,5.43,5.44,5.16,5.23,2062879,1072578,990301,68923067
10/9/2019,5.25,5.3,4.96,4.99,1645512,800893,844619,69767686
10/10/2019,5.02,5.15,4.96,5.05,2621057,1660553,960504,70728190
10/11/2019,5.14,5.49,5.14,5.37,409124,509147,-100023,70628167
10/14/2019,5.32,5.59,5.22,5.58,705712,511598,194114,70822281
10/15/2019,5.6,5.91,5.59,5.61,390458,127084,263374,71085655
10/16/2019,5.58,5.91,5.58,5.88,761755,357084,404671,71490326
10/17/2019,5.89,6.05,5.8,6.03,617083,436434,180649,71670975
10/18/2019,6.03,6.05,5.77,5.94,1056637,619512,437125,72108100
10/21/2019,5.98,6.16,5.82,5.93,779907,660384,119523,72227623
10/22/2019,5.93,6.44,5.93,6.39,2051724,1868145,183579,72411202
10/23/2019,6.33,6.62,6.23,6.43,1785832,2069094,-283262,72127940
10/24/2019,6.5,6.55,6.03,6.42,2491076,2536244,-45168,72082772
10/25/2019,6.32,6.43,6.25,6.35,2415568,4049198,-1633630,70449142
10/28/2019,6.38,6.49,6.17,6.19,2986216,3667439,-681223,69767919
10/29/2019,6.21,6.25,5.785,5.81,2299851,3705989,-1406138,68361781
10/30/2019,5.76,5.83,5.52,5.73,2641608,1225738,1415870,69777651
10/31/2019,5.63,5.685,5.31,5.44,2017346,2411678,-394332,69383319
11/1/2019,5.45,6,5.43,5.84,3103968,2014926,1089042,70472361
11/4/2019,5.9,6.02,5.77,5.85,1849246,1694720,154526,70626887
11/5/2019,5.88,6.2,5.86,5.91,2373074,745318,1627756,72254643
11/6/2019,5.9,6.19,5.82,6.09,1327230,875053,452177,72706820
11/7/2019,6.18,6.315,6.04,6.22,1226965,418328,808637,73515457
11/8/2019,6.17,6.28,6.05,6.09,606945,1241541,-634596,72880861
11/11/2019,6.05,6.09,5.77,6.02,490477,977081,-486604,72394257
11/12/2019,6.03,6.07,5.87,5.92,1911379,998769,912610,73306867
11/13/2019,5.91,5.97,5.81,5.94,1984662,881545,1103117,74409984
11/14/2019,5.95,6.11,5.9,5.98,,,0,74409984
11/15/2019,6,6.01,5.85,5.88,1590793,1308466,282327,74692311
11/18/2019,5.85,5.85,5.61,5.62,789453,522880,266573,74958884
11/19/2019,5.57,5.66,5.45,5.5,666322,541693,124629,75083513
11/20/2019,5.54,5.54,5.3601,5.46,986144,612458,373686,75457199
11/21/2019,5.46,5.58,5.35,5.5,824974,794992,29982,75487181
11/22/2019,5.59,5.85,5.5,5.66,1297152,736908,560244,76047425
11/25/2019,5.67,6.06,5.63,6.03,1438541,360871,1077670,77125095
11/26/2019,6.03,6.26,6.01,6.1,630596,574088,56508,77181603
11/27/2019,6.1,6.39,6.02,6.35,807002,731176,75826,77257429
11/28/2019,,,,,654804,714247,-59443,77197986
11/29/2019,6.33,6.39,6.235,6.34,480026,461409,18617,77216603
12/2/2019,6.35,6.46,6.09,6.17,1280239,819408,460831,77677434
12/3/2019,6.04,6.18,5.93,6.12,1727235,1329039,398196,78075630
12/4/2019,6.17,6.49,6.12,6.43,1374196,1561666,-187470,77888160
12/5/2019,6.32,6.52,6.235,6.4,1747211,2407716,-660505,77227655
12/6/2019,6.39,6.68,6.39,6.68,1833686,2960275,-1126589,76101066
12/9/2019,6.65,6.92,6.19,6.33,2018346,2107674,-89328,76011738
12/10/2019,6.29,6.54,6.12,6.51,1796211,2501933,-705722,75306016
12/11/2019,5.25,5.81,5.18,5.53,2474238,2221195,253043,75559059
12/12/2019,5.46,5.7096,5.41,5.58,879356,1287560,-408204,75150855
12/13/2019,5.47,5.62,5.235,5.45,4570466,7168145,-2597679,72553176
12/16/2019,5.39,5.59,5.39,5.5,2494722,3341275,-846553,71706623
12/17/2019,5.5,6.08,5.49,6.06,2159378,3222158,-1062780,70643843
12/18/2019,6.06,6.27,5.93,6.16,3112876,3733545,-620669,70023174
12/19/2019,6.21,6.24,6.025,6.06,2680703,1820816,859887,70883061
12/20/2019,6.06,6.22,5.96,5.99,1866768,3571951,-1705183,69177878
12/23/2019,6.05,6.07,5.54,5.61,1687380,1059709,627671,69805549
12/24/2019,5.65,5.67,5.44,5.44,,,0,69805549
12/25/2019,,,,,1459732,2830156,-1370424,68435125
12/26/2019,5.47,5.51,5.245,5.4,2890019,1690772,1199247,69634372
12/27/2019,5.42,5.98,5.39,5.9,,,0,69634372
12/30/2019,5.88,6.245,5.76,6.13,1269646,1307517,-37871,69596501
12/31/2019,6.08,6.39,5.99,6.08,2190185,4285683,-2095498,67501003
1/1/2020,,,,,2340541,2541175,-200634,67300369
1/2/2020,6.14,6.47,6.07,6.31,1924942,4153432,-2228490,65071879
1/3/2020,6.21,6.25,5.835,5.88,2098955,5438560,-3339605,61732274
1/6/2020,5.8,5.91,5.6,5.85,4110922,4914254,-803332,60928942
1/7/2020,5.77,5.8282,5.44,5.52,3727455,4000066,-272611,60656331
1/8/2020,5.49,5.85,5.41,5.72,4057456,5230313,-1172857,59483474
1/9/2020,5.82,5.82,5.48,5.55,4178966,5160284,-981318,58502156
1/10/2020,5.56,5.6,5.38,5.43,5022447,6337399,-1314952,57187204
1/13/2020,5.43,5.61,5.33,5.43,6317748,5065629,1252119,58439323
1/14/2020,4.78,5,4.53,4.71,9108961,6405317,2703644,61142967
1/15/2020,4.66,4.73,4.55,4.61,5503921,2690110,2813811,63956778
1/16/2020,4.61,4.71,4.52,4.62,4435682,3976083,459599,64416377
1/17/2020,4.58,4.75,4.51,4.75,5915595,5518426,397169,64813546
1/20/2020,,,,,4450500,3906820,543680,65357226
1/21/2020,4.75,4.75,4.55,4.59,3341314,2163588,1177726,66534952
1/22/2020,4.55,4.64,4.46,4.56,4819500,7197408,-2377908,64157044
1/23/2020,4.55,4.64,4.46,4.62,5897540,5786756,110784,64267828
1/24/2020,4.64,4.64,4.25,4.32,3653267,5081673,-1428406,62839422
1/27/2020,4.2,4.35,4.16,4.28,4415926,4170537,245389,63084811
1/28/2020,4.3,4.3,4.18,4.21,4596570,5151354,-554784,62530027
1/29/2020,4.22,4.315,4.13,4.13,3346535,3764252,-417717,62112310
1/30/2020,4.1,4.12,3.88,3.93,2424628,1872359,552269,62664579
1/31/2020,3.91,3.94,3.83,3.84,3494760,2909479,585281,63249860
2/3/2020,3.88,3.98,3.85,3.95,3801670,1879966,1921704,65171564
2/4/2020,4.03,4.25,3.97,4.07,2982269,2286162,696107,65867671
2/5/2020,4.15,4.41,4.14,4.18,2914257,2850257,64000,65931671
2/6/2020,4.2,4.3,4.135,4.14,3850516,2168664,1681852,67613523
2/7/2020,4.11,4.13,3.77,3.81,866774,1887914,-1021140,66592383
2/10/2020,3.85,4.1,3.74,3.94,785570,1937740,-1152170,65440213
2/11/2020,3.98,4.24,3.95,4.02,1666795,1470245,196550,65636763
2/12/2020,4.13,4.51,4.07,4.19,2159724,1344710,815014,66451777
2/13/2020,4.12,4.26,4.07,4.11,1593622,1600108,-6486,66445291
2/14/2020,4.11,4.19,4.02,4.02,1663758,1911271,-247513,66197778
2/17/2020,,,,,1172900,1473992,-301092,65896686
2/18/2020,4.01,4.08,3.96,4.06,2073173,2246001,-172828,65723858
2/19/2020,4.06,4.27,3.915,4.15,1075257,1709269,-634012,65089846
2/20/2020,4.16,4.295,4.1077,4.14,1612323,963193,649130,65738976
2/21/2020,4.12,4.18,3.99,4.04,1087620,981077,106543,65845519
2/24/2020,3.9,3.93,3.7,3.7,811654,945025,-133371,65712148
2/25/2020,3.77,3.79,3.55,3.56,1706331,679503,1026828,66738976
2/26/2020,3.58,3.62,3.36,3.39,604295,515794,88501,66827477
2/27/2020,3.23,3.625,3.1849,3.47,641652,329452,312200,67139677
2/28/2020,3.34,3.72,3.34,3.6,669232,246796,422436,67562113
3/2/2020,3.6,3.85,3.39,3.83,2294662,1011809,1282853,68844966
3/3/2020,3.88,3.89,3.5,3.63,1205384,895446,309938,69154904
3/4/2020,3.71,3.83,3.46,3.77,1483524,3564918,-2081394,67073510
3/5/2020,3.7,3.99,3.59,3.96,1649616,1808620,-159004,66914506
3/6/2020,3.84,4.07,3.76,3.92,1453981,1213045,240936,67155442
3/9/2020,3.59,3.97,3.5,3.7,1013893,1827213,-813320,66342122
3/10/2020,3.94,4.26,3.8,4.23,632877,797436,-164559,66177563
3/11/2020,4.14,4.25,4,4.14,463297,1762790,-1299493,64878070
3/12/2020,3.7,4.04,3.48,3.98,1539621,1720555,-180934,64697136
3/13/2020,4.13,4.65,3.845,4.59,1390696,786202,604494,65301630
3/16/2020,3.93,4.57,3.9,4.37,727531,1132943,-405412,64896218
3/17/2020,4.4,4.65,4.11,4.23,9605800,2367417,7238383,72134601
3/18/2020,4.1,4.25,3.5,3.77,9153911,1616181,7537730,79672331
3/19/2020,3.71,4.2,3.55,4.19,5141452,8454653,-3313201,76359130
3/20/2020,4.08,4.08,3.65,3.76,2390699,3045734,-655035,75704095
3/23/2020,3.58,3.86,3.5,3.81,736147,4344841,-3608694,72095401
3/24/2020,3.95,4.21,3.8901,4.16,1860198,4166909,-2306711,69788690
3/25/2020,4.15,4.49,4.04,4.17,3559663,3492648,67015,69855705
3/26/2020,4.24,4.71,4.24,4.41,2802480,4025469,-1222989,68632716
3/27/2020,4.94,5.09,4.15,4.22,3196007,2899461,296546,68929262
3/30/2020,4.22,4.27,3.65,3.65,2111746,2668214,-556468,68372794
3/31/2020,3.63,3.8,3.5,3.5,7725073,6482172,1242901,69615695
4/1/2020,3.45,3.49,3.12,3.25,6011684,6292667,-280983,69334712
4/2/2020,3.26,3.35,2.85,2.85,4497362,5175509,-678147,68656565
4/3/2020,2.85,2.94,2.57,2.8,7944808,4530353,3414455,72071020
4/6/2020,2.86,3.2,2.825,3.09,3348330,3099158,249172,72320192
4/7/2020,3.39,3.4399,3.1,3.27,668752,2047189,-1378437,70941755
4/8/2020,3.23,3.6701,3.2,3.41,1201685,2523891,-1322206,69619549
4/9/2020,3.6,4.25,3.49,3.89,467732,920229,-452497,69167052
4/10/2020,,,,,406760,882286,-475526,68691526
4/13/2020,4.25,4.76,4.16,4.74,336065,1050366,-714301,67977225
4/14/2020,5.21,6.47,5.14,5.95,790043,463006,327037,68304262
4/15/2020,5.66,5.67,4.9,5.27,2189793,2300207,-110414,68193848
4/16/2020,5.12,5.44,4.88,5.03,897543,1203637,-306094,67887754
4/17/2020,5.22,5.28,4.43,4.88,768252,4974868,-4206616,63681138
4/20/2020,4.85,5.9,4.78,5.61,350430,4894219,-4543789,59137349
4/21/2020,5.23,5.3,4.76,4.78,2988785,1261178,1727607,60864956
4/22/2020,5.14,5.17,4.83,4.89,680000,897652,-217652,60647304
4/23/2020,4.75,4.89,4.58,4.7,755415,922165,-166750,60480554
4/24/2020,4.78,4.85,4.66,4.77,620230,995984,-375754,60104800
4/27/2020,4.85,5.99,4.81,5.82,674684,244165,430519,60535319
4/28/2020,5.92,6.04,5.06,5.64,818582,267551,551031,61086350
4/29/2020,5.83,6.09,5.4502,6.04,219135,752341,-533206,60553144
4/30/2020,5.87,5.975,5.64,5.73,890060,1002634,-112574,60440570
5/1/2020,5.65,6.18,5.45,6.05,1115421,1076138,39283,60479853
5/4/2020,5.84,5.93,5.4,5.48,928636,342969,585667,61065520
5/5/2020,5.55,5.63,5.3501,5.39,1515285,1845141,-329856,60735664
5/6/2020,5.4,5.4,4.9,4.93,1535496,1649725,-114229,60621435
5/7/2020,4.83,4.935,4.65,4.87,2020802,2452007,-431205,60190230
5/8/2020,4.88,5.19,4.82,4.98,3103943,3043179,60764,60250994
5/11/2020,4.92,4.959,4.75,4.76,3269630,2519246,750384,61001378
5/12/2020,4.78,4.92,4.4601,4.54,9998788,7781666,2217122,63218500
5/13/2020,4.54,4.54,4.07,4.21,5899325,7257832,-1358507,61859993
5/14/2020,4.15,4.19,3.96,4.13,8211386,6548217,1663169,63523162
5/15/2020,4.05,4.45,4.041,4.22,5711938,8056319,-2344381,61178781
5/18/2020,4.4,4.63,4.36,4.58,5325803,4047945,1277858,62456639
5/19/2020,4.58,4.75,4.37,4.44,4084603,4548910,-464307,61992332
5/20/2020,4.5,4.69,4.335,4.43,5945241,4901732,1043509,63035841
5/21/2020,4.45,4.65,4.4,4.44,5237559,4881756,355803,63391644
5/22/2020,4.46,4.49,4.13,4.18,5859002,7981322,-2122320,61269324
5/25/2020,,,,,4892453,6746054,-1853601,59415723
5/26/2020,4.34,4.61,4.33,4.42,6065858,3385162,2680696,62096419
5/27/2020,4.57,4.71,4.355,4.69,2561188,2273261,287927,62384346
5/28/2020,4.75,4.76,4.3,4.33,2657004,3173082,-516078,61868268
5/29/2020,4.33,4.42,4.05,4.06,2765105,2512943,252162,62120430
6/1/2020,4.12,4.355,4.02,4.13,2682662,1209552,1473110,63593540
6/2/2020,4.27,4.308,4.06,4.18,4065361,3324451,740910,64334450
6/3/2020,4.24,4.52,4.2,4.44,4185782,2072724,2113058,66447508
6/4/2020,4.44,4.72,4.37,4.47,1749814,2426615,-676801,65770707
6/5/2020,4.29,4.41,4.09,4.14,4101430,3333535,767895,66538602
6/8/2020,4.28,5.1382,4.2737,5.01,1223289,352714,870575,67409177
6/9/2020,5,5,4.5519,4.96,604535,349867,254668,67663845
6/10/2020,4.78,5.53,4.68,5.07,1170600,499220,671380,68335225
6/11/2020,4.64,4.8999,4.18,4.37,737864,594570,143294,68478519
6/12/2020,4.6,4.78,4.39,4.72,795437,830699,-35262,68443257
6/15/2020,4.5,4.77,4.42,4.69,1281502,2146002,-864500,67578757
6/16/2020,4.95,4.95,4.51,4.64,3583127,3575397,7730,67586487
6/17/2020,4.54,4.831,4.5301,4.76,3137338,4174227,-1036889,66549598
6/18/2020,4.67,4.95,4.65,4.95,1874773,1378063,496710,67046308
6/19/2020,4.95,5.084,4.69,4.88,1627150,3233048,-1605898,65440410
6/22/2020,4.79,4.95,4.715,4.87,2151669,3954453,-1802784,63637626
6/23/2020,4.95,4.99,4.8,4.83,2783107,5136251,-2353144,61284482
6/24/2020,4.83,4.84,4.38,4.41,2523836,3207084,-683248,60601234
6/25/2020,4.33,4.54,4.295,4.46,3137305,2902433,234872,60836106
6/26/2020,4.48,4.5,4.27,4.35,6534859,8607014,-2072155,58763951
6/29/2020,4.35,4.52,4.3,4.38,2334550,1998798,335752,59099703
6/30/2020,4.33,4.51,4.2,4.34,3732588,2925207,807381,59907084
7/1/2020,4.31,4.5,4.31,4.44,3514652,2975910,538742,60445826
7/2/2020,4.49,4.51,4.29,4.29,7975381,7788555,186826,60632652
7/3/2020,,,,,6692700,6517076,175624,60808276
7/6/2020,4.31,4.34,4.19,4.24,6651028,5708835,942193,61750469
7/7/2020,4.2,4.2475,4.06,4.09,6215088,6887531,-672443,61078026
7/8/2020,4.1,4.29,4.03,4.26,6768189,3687928,3080261,64158287
7/9/2020,4.27,4.32,4.13,4.21,2264610,5860005,-3595395,60562892
7/10/2020,4.2,4.38,4.1843,4.34,6434939,5079192,1355747,61918639
7/13/2020,4.35,4.5479,4.26,4.26,3940543,4895375,-954832,60963807
7/14/2020,4.22,4.31,4.0725,4.08,4179672,5790895,-1611223,59352584
7/15/2020,4.13,4.29,4.13,4.19,4450450,2908075,1542375,60894959
7/16/2020,4.19,4.2,4.09,4.17,5385937,7105344,-1719407,59175552
7/17/2020,4.16,4.23,3.9381,3.96,5879808,5475433,404375,59579927
7/20/2020,3.95,4.06,3.77,3.85,5515641,5562759,-47118,59532809
7/21/2020,3.9,4.09,3.88,4.01,6203665,4805977,1397688,60930497
7/22/2020,4.02,4.12,3.92,4.11,4151927,4473196,-321269,60609228
7/23/2020,4.09,4.305,4.06,4.11,4947575,4833722,113853,60723081
7/24/2020,4.06,4.23,4.01,4.03,4585946,5061043,-475097,60247984
7/27/2020,4.02,4.12,3.95,4.01,2943422,3219851,-276429,59971555
7/28/2020,3.96,4.049,3.92,3.94,3880404,1856676,2023728,61995283
7/29/2020,3.94,4.18,3.92,4.06,4935880,8720618,-3784738,58210545
7/30/2020,4,4.23,3.97,4.1,2749511,2502732,246779,58457324
7/31/2020,4.06,4.16,3.99,4.01,1282966,2039382,-756416,57700908
8/3/2020,4.03,4.25,3.995,4.15,6419443,4891009,1528434,59229342
8/4/2020,4.13,4.7375,4.13,4.43,1092220,2430320,-1338100,57891242
8/5/2020,4.5,4.76,4.245,4.63,4961057,4301619,659438,58550680
8/6/2020,4.6,4.655,4.3801,4.43,4738382,5888652,-1150270,57400410
8/7/2020,4.39,4.4,4.06,4.16,6043643,8656111,-2612468,54787942
8/10/2020,4.2,4.57,4.18,4.33,531658,1501556,-969898,53818044
8/11/2020,4.43,4.57,4.34,4.35,868800,523244,345556,54163600
8/12/2020,4.4,4.63,4.36,4.52,3173683,1589529,1584154,55747754
8/13/2020,4.52,4.71,4.4966,4.64,1771661,1853391,-81730,55666024
8/14/2020,4.6,4.83,4.545,4.75,1757665,2174491,-416826,55249198
8/17/2020,4.78,4.78,4.555,4.63,2436475,1574971,861504,56110702
8/18/2020,4.61,4.87,4.435,4.81,2566336,1825402,740934,56851636
8/19/2020,4.8,4.84,4.64,4.72,3011535,2057945,953590,57805226
8/20/2020,4.62,4.68,4.51,4.61,2521642,1516379,1005263,58810489
8/21/2020,4.6,5.6,4.595,5.03,1253440,408240,845200,59655689
8/24/2020,5.1,5.13,4.56,4.87,1427804,1320627,107177,59762866
8/25/2020,4.88,5.25,4.88,4.98,2904607,1569976,1334631,61097497
8/26/2020,4.97,5.22,4.9199,5.11,1952740,988513,964227,62061724
8/27/2020,5.11,5.3799,5.02,5.25,1573470,1400263,173207,62234931
8/28/2020,5.3,5.565,5.215,5.39,873455,1016027,-142572,62092359
8/31/2020,5.77,7.15,5.69,6.68,1286479,1188275,98204,62190563
9/1/2020,7.3,7.82,6.77,7.65,1584218,167835,1416383,63606946
9/2/2020,7.8,8.05,7.11,7.71,1864803,1024066,840737,64447683
9/3/2020,7.88,8.45,7.24,7.82,1793364,1242860,550504,64998187
9/4/2020,7.78,7.92,7.17,7.65,1674838,1463089,211749,65209936
9/7/2020,,,,,1457916,1004212,453704,65663640
9/8/2020,7.55,8.28,7.48,7.7,2855288,623837,2231451,67895091
9/9/2020,7.96,7.99,7.31,7.35,1301914,464120,837794,68732885
9/10/2020,6.65,6.95,6.19,6.23,1624964,424860,1200104,69932989
9/11/2020,6.26,6.33,5.87,6.09,834648,489925,344723,70277712
9/14/2020,6.8,7,6.43,6.91,1570894,479308,1091586,71369298
9/15/2020,6.86,7.26,6.685,7.09,1496462,465999,1030463,72399761
9/16/2020,7.03,9.04,7.03,8.68,1056091,1051485,4606,72404367
9/17/2020,8.57,9.77,8.41,9.2,2844451,1096267,1748184,74152551
9/18/2020,9.2,9.77,8.91,9.47,6254680,2563052,3691628,77844179
9/21/2020,9.35,9.6,8.38,8.75,1568402,1360337,208065,78052244
9/22/2020,10.45,11.1699,9.9,10.56,1833993,2092050,-258057,77794187
9/23/2020,10.6,10.86,9.92,10.04,1741908,3430622,-1688714,76105473
9/24/2020,9.71,9.81,9.01,9.14,1771829,2062070,-290241,75815232
9/25/2020,9.19,10.1826,9.1,10.02,3279805,2986814,292991,76108223
9/28/2020,10.16,10.26,9.55,10.09,1174482,2270043,-1095561,75012662
9/29/2020,10,10.65,9.93,10.35,1383225,1234628,148597,75161259
9/30/2020,10.25,10.7597,10.06,10.2,3721689,3693069,28620,75189879
10/1/2020,10.09,10.25,9.69,9.77,1615854,2321322,-705468,74484411
10/2/2020,9.38,9.78,9.3,9.39,2220567,2733989,-513422,73970989
10/5/2020,9.44,9.59,9.2502,9.46,3704495,4763240,-1058745,72912244
10/6/2020,9.56,9.835,9.1,9.13,6523199,4154189,2369010,75281254
10/7/2020,9.23,9.56,9.1678,9.36,7405338,4855408,2549930,77831184
10/8/2020,9.54,13.64,9.19,13.49,3857207,2983762,873445,78704629
10/9/2020,12.83,14.8,11.9,12.02,1776983,1584447,192536,78897165
10/12/2020,11.66,12.7662,11.4,11.8,1371112,1241140,129972,79027137
10/13/2020,11.73,12.42,11.65,11.88,2127646,1161401,966245,79993382
10/14/2020,12.67,12.68,12.05,12.25,2523712,1993777,529935,80523317
10/15/2020,11.99,15.1,11.99,13.83,3114371,2660525,453846,80977163
10/16/2020,13.77,13.9,13.08,13.31,7168791,6660579,508212,81485375
10/19/2020,13.44,14.5,13.38,13.91,4472587,4709973,-237386,81247989
10/20/2020,14.03,14.143,13.665,13.86,3600187,5487907,-1887720,79360269
10/21/2020,13.9,14.42,13.8,14.1,4686513,5868313,-1181800,78178469
10/22/2020,14.2,15.87,14.19,14.91,6144793,5920116,224677,78403146
10/23/2020,15.05,15.38,14.55,15,10849907,9462001,1387906,79791052
10/26/2020,14.93,15.45,13.26,13.45,7885142,6949805,935337,80726389
10/27/2020,13.71,13.71,12.36,12.69,5639236,4366000,1273236,81999625
10/28/2020,12.27,13.05,11.78,11.82,8407851,9528571,-1120720,80878905
10/29/2020,11.88,12.25,11.6801,11.73,9903144,9428454,474690,81353595
10/30/2020,11.64,11.64,10.36,10.47,15357986,12867653,2490333,83843928
11/2/2020,10.82,11.09,10.5,10.75,7731023,9604883,-1873860,81970068
11/3/2020,10.75,11.86,10.63,11.57,10019871,7778800,2241071,84211139
11/4/2020,11.76,11.7699,10.61,10.91,5427486,6808404,-1380918,82830221
11/5/2020,11.27,11.84,11.06,11.45,6672987,8771280,-2098293,80731928
11/6/2020,11.52,12.17,11.32,11.86,7666576,7938174,-271598,80460330
11/9/2020,12.76,12.93,11.25,11.49,4159020,3657726,501294,80961624
11/10/2020,11.5,11.66,10.83,11.1,4832714,6155959,-1323245,79638379
11/11/2020,11.5,11.95,11.21,11.75,2703518,3097061,-393543,79244836
11/12/2020,11.74,11.87,10.97,11.13,1040116,1205816,-165700,79079136
11/13/2020,11.36,11.55,11,11.01,3691081,3482815,208266,79287402
11/16/2020,11.16,12.6602,10.72,12.06,2032476,2044677,-12201,79275201
11/17/2020,11.65,11.92,11.23,11.63,2035667,1536347,499320,79774521
11/18/2020,11.8,12.04,11.56,11.57,2700306,3016264,-315958,79458563
11/19/2020,11.6,12.79,11.45,12.46,1926799,3408758,-1481959,77976604
11/20/2020,12.55,13.46,12.54,12.71,5207303,4158670,1048633,79025237
11/23/2020,12.9,14.12,12.67,13.9,1982622,1277755,704867,79730104
11/24/2020,14.23,14.26,13.3,13.67,1642140,1415215,226925,79957029
11/25/2020,13.6,15.25,13.42,14.75,1190210,1298961,-108751,79848278
11/26/2020,,,,,1000919,963500,37419,79885697
11/27/2020,15.29,16.74,14.88,16.08,870043,1787907,-917864,78967833
11/30/2020,18.17,19.42,16.5575,16.56,2825966,2347730,478236,79446069
12/1/2020,17.11,17.4,15.76,15.8,3181528,983435,2198093,81644162
12/2/2020,15.7,16.68,15.38,16.58,1851444,1513599,337845,81982007
12/3/2020,16.48,16.64,15.87,16.12,1577339,2490478,-913139,81068868
12/4/2020,16.3,17.29,16.26,16.9,1726013,1334658,391355,81460223
12/7/2020,17,17.5,16.22,16.35,1040344,483015,557329,82017552
12/8/2020,16.37,17.21,15.93,16.94,498097,205022,293075,82310627
12/9/2020,13.92,14.73,13.225,13.66,1260050,1066644,193406,82504033
12/10/2020,13.12,14.41,13.05,14.12,1325158,1248667,76491,82580524
12/11/2020,13.91,14,13.02,13.31,1325158,1248667,76491,82657015
12/14/2020,13.34,13.4335,12.14,12.72,3898088,4957522,-1059434,81597581
12/15/2020,12.78,14.02,12.48,13.85,2751651,3674857,-923206,80674375
12/16/2020,13.96,14.305,13.58,13.85,3065785,3562168,-496383,80177992
12/17/2020,13.96,14.98,13.59,14.83,1704948,2054243,-349295,79828697
12/18/2020,15.78,16.3,15.18,15.63,1566641,1202443,364198,80192895
12/21/2020,15.81,16.348,15.28,15.53,1936367,1962590,-26223,80166672
12/22/2020,16.22,20.04,16.15,19.46,1800761,1125902,674859,80841531
12/23/2020,20.17,22.3499,19.13,20.57,1004946,297054,707892,81549423
12/24/2020,21.01,21.48,19.95,20.15,2951050,2414993,536057,82085480
12/25/2020,,,,,2417203,1515323,901880,82987360
12/28/2020,21.31,21.97,20.35,20.99,1754431,2355802,-601371,82385989
12/29/2020,20.82,21.07,18.56,19.38,1263569,1489233,-225664,82160325
12/30/2020,19.38,20,18.85,19.26,2793573,2771919,21654,82181979
12/31/2020,19.25,19.8,18.8,18.84,1333041,1283968,49073,82231052
1/1/2021,,,,,985531,1368131,-382600,81848452
1/4/2021,19,19.1,17.15,17.25,1761470,2740297,-978827,80869625
1/5/2021,17.35,18.0765,17.23,17.37,4116904,1791309,2325595,83195220
1/6/2021,17.34,18.98,17.33,18.36,1560044,268684,1291360,84486580
1/7/2021,18.47,19.45,18.02,18.08,559512,892920,-333408,84153172
1/8/2021,18.18,18.3,17.08,17.69,983776,734144,249632,84402804
1/11/2021,19.41,20.65,19.01,19.94,1226838,1422490,-195652,84207152
1/12/2021,19.96,20.4,19.3168,19.95,1727279,631934,1095345,85302497
1/13/2021,20.42,38.65,20.03,31.4,1424736,389473,1035263,86337760
1/14/2021,38.09,43.06,33.05,39.91,2270977,695894,1575083,87912843
1/15/2021,38.49,40.75,34.01,35.5,2725410,7643025,-4917615,82995228
1/18/2021,,,,,2941019,7185814,-4244795,78750433
1/19/2021,41.55,45.52,36.64,39.36,4033207,4566061,-532854,78217579
1/20/2021,37.37,41.1899,36.06,39.12,2511089,3974350,-1463261,76754318
1/21/2021,39.23,44.75,37,43.03,3081834,1715785,1366049,78120367
1/22/2021,42.59,76.7573,42.32,65.01,1933774,1600208,333566,78453933
1/25/2021,96.73,159.18,61.13,76.79,2736892,2449706,287186,78741119
1/26/2021,88.56,150,80.2,147.98,3098312,7717297,-4618985,74122134
1/27/2021,354.83,380,249,347.51,6497178,10943017,-4445839,69676295
1/28/2021,265,483,112.25,193.6,3926637,13140175,-9213538,60462757
1/29/2021,379.71,413.98,250,325,5957564,12609004,-6651440,53811317
2/1/2021,316.56,322,212,225,3680504,5482481,-1801977,52009340
2/2/2021,140.76,158,74.2201,90,3510243,3524744,-14501,51994839
2/3/2021,112.01,113.3999,85.25,92.41,3092323,3386432,-294109,51700730
2/4/2021,91.19,91.5,53.33,53.5,4165671,4410639,-244968,51455762
2/5/2021,54.04,95,51.09,63.77,3974757,4365553,-390796,51064966
2/8/2021,72.41,72.66,58.02,60,2263874,2091643,172231,51237197
2/9/2021,56.61,57,46.52,50.31,2734657,3264386,-529729,50707468
2/10/2021,50.77,62.83,46.55,51.2,3203399,2609103,594296,51301764
2/11/2021,50.01,55.32,48.2201,51.1,1580670,1285698,294972,51596736
2/12/2021,50.75,55.24,48.05,52.4,1044128,1704507,-660379,50936357
2/15/2021,,,,,1038571,2109147,-1070576,49865781
2/16/2021,52.66,53.5,49.04,49.51,5481260,4198094,1283166,51148947
2/17/2021,49.77,51.19,44.56,45.94,1507434,1985700,-478266,50670681
2/18/2021,48.49,48.87,40.65,40.69,2012676,1750986,261690,50932371
2/19/2021,41.28,43.89,38.5,40.59,2039038,532441,1506597,52438968
2/22/2021,46.69,48.51,42.4,46,1505857,1162495,343362,52782330
2/23/2021,44.97,46.23,40,44.97,1863296,2815279,-951983,51830347
2/24/2021,44.7,91.71,44.7,91.71,1863296,2815279,-951983,50878364
2/25/2021,169.56,184.68,101,108.73,3021665,152499,2869166,53747530
2/26/2021,117.46,142.9,86,101.74,1856785,1972400,-115615,53631915
3/1/2021,104.54,133.99,99.97,120.4,1375201,2212455,-837254,52794661
3/2/2021,116.93,133.2,112.2,118.18,2681616,3202585,-520969,52273692
3/3/2021,122.51,127.75,113.12,124.18,1820245,2864330,-1044085,51229607
3/4/2021,125,147.8699,115.3,132.35,1718330,2526895,-808565,50421042
3/5/2021,128.17,151.53,127.5,137.74,1681016,2786008,-1104992,49316050
3/8/2021,154.89,210.8699,146.1,194.5,2644308,3064988,-420680,48895370
3/9/2021,217.71,249.85,208.5101,246.9,2891172,2319243,571929,49467299
3/10/2021,269.43,348.5,172,265,3407226,3060364,346862,49814161
3/11/2021,241.64,281.5,232.6,260,2073584,3313676,-1240092,48574069
3/12/2021,274.997,295.5,262.27,264.5,1799922,3561033,-1761111,46812958
3/15/2021,277.52,283,206,220.14,1444323,2483923,-1039600,45773358
3/16/2021,203.16,220.7,172.35,208.17,1132760,1651130,-518370,45254988
3/17/2021,217.84,231.47,204,209.81,660253,1236543,-576290,44678698
3/18/2021,214,218.88,195.65,201.75,1637507,1578459,59048,44737746
3/19/2021,195.73,227,182.66,200.27,1564609,929492,635117,45372863
3/22/2021,205.26,210.3562,186.1952,194.49,1181080,871426,309654,45682517
3/23/2021,197.5,201.75,177.55,181.75,1816786,2299406,-482620,45199897
3/24/2021,157.98,166.97,118.62,120.34,2589205,761943,1827262,47027159
3/25/2021,123.49,187.5,116.9,183.75,1094451,1128947,-34496,46992663
3/26/2021,197.68,218.9344,163.26,181,366400,461630,-95230,46897433
3/29/2021,180.75,193.92,173.51,181.3,711910,576045,135865,47033298
3/30/2021,187.5,204.3,182,194.46,678529,518879,159650,47192948
3/31/2021,197.5,199.46,187.1102,189.82,1161179,1258390,-97211,47095737
4/1/2021,193.36,196.969,183.6,191.45,1129938,1640813,-510875,46584862
4/2/2021,,,,,642821,1219213,-576392,46008470
4/5/2021,171.004,195,164.81,186.95,4683290,509650,4173640,50182110
4/6/2021,185.21,192,183.56,184.5,958754,4032127,-3073373,47108737
4/7/2021,183.22,184.4999,176.11,177.97,916057,905696,10361,47119098
4/8/2021,185.88,185.88,164.3,170.26,2386580,2455162,-68582,47050516
4/9/2021,169.7,171.58,153,158.36,729157,491089,238068,47288584
4/12/2021,158.11,163.9,135.01,141.09,340049,574846,-234797,47053787
4/13/2021,141.88,145.3771,132,140.99,906731,370481,536250,47590037
4/14/2021,143.57,174.09,143,166.53,360906,391792,-30886,47559151
4/15/2021,163,166.2546,152.8,156.44,361240,223331,137909,47697060
4/16/2021,156,160.1969,151.25,154.69,1504486,1094055,410431,48107491
4/19/2021,171.8,175.2,162.33,164.37,1856209,386054,1470155,49577646
4/20/2021,164.14,164.89,153.36,158.53,1049478,339402,710076,50287722
4/21/2021,158.4,162.98,155.92,158.51,1426654,1573960,-147306,50140416
4/22/2021,159.1,159.1,146.86,151.17,2643172,465506,2177666,52318082
4/23/2021,149,153.6598,144.7,151.18,401531,948861,-547330,51770752
4/26/2021,150.98,174.6795,148.76,168.93,921304,601930,319374,52090126
4/27/2021,183.55,188,173.17,177.77,474026,526600,-52574,52037552
4/28/2021,172.1,181.98,166.0281,178.58,423357,954910,-531553,51505999
4/29/2021,176.56,180.86,170.75,176.19,828554,714825,113729,51619728
4/30/2021,175,183.8,172.7,173.59,445277,631598,-186321,51433407
5/3/2021,177.49,177.49,159.61,162.2,700499,207172,493327,51926734
5/4/2021,159,161.49,151.8,160.73,317230,300800,16430,51943164
5/5/2021,161.83,165.5,158.33,159.48,762675,1049166,-286491,51656673
5/6/2021,160.86,164.72,155.6,161.01,558010,385986,172024,51828697
5/7/2021,160.11,167.41,157.5001,161.11,167106,732601,-565495,51263202
5/10/2021,161.31,161.585,143,143.22,725186,212582,512604,51775806
5/11/2021,137,150.5,136.5,146.92,341426,497393,-155967,51619839
5/12/2021,145.7,150.5,142.231,144.79,1073231,319624,753607,52373446
5/13/2021,147.44,169.95,146.43,164.5,513001,331331,181670,52555116
5/14/2021,160,166.47,156.22,159.92,319625,369358,-49733,52505383
5/17/2021,159.85,182.5,159,180.6,390772,481517,-90745,52414638
5/18/2021,174.54,189.2,168.27,180.67,1664071,628214,1035857,53450495
5/19/2021,171.99,178.9799,164.15,168.83,548236,963465,-415229,53035266
5/20/2021,170.79,174.91,166.9,170.49,772207,566284,205923,53241189
5/21/2021,171,179.24,170.33,176.79,436937,208224,228713,53469902
5/24/2021,175.85,188.4576,173.35,180.01,204456,104055,100401,53570303
5/25/2021,181,217.11,181,209.43,491418,335266,156152,53726455
5/26/2021,229,248.4794,225.55,242.56,614836,637211,-22375,53704080
5/27/2021,229.8,264,227,254.13,660740,339846,320894,54024974
5/28/2021,262.97,268.7999,221.43,222,640337,899266,-258929,53766045
5/31/2021,,,,,519123,874423,-355300,53410745
6/1/2021,233.48,254.98,227.07,249.02,494458,631916,-137458,53273287
6/2/2021,248.88,294,244.3,282.24,293973,516497,-222524,53050763
6/3/2021,265.71,274.43,242.1206,258.18,855241,825352,29889,53080652
6/4/2021,256.02,265,245.77,248.36,603415,887142,-283727,52796925
6/7/2021,258,282,255.2001,280.01,205310,697932,-492622,52304303
6/8/2021,292,344.66,281,300,194640,209186,-14546,52289757
6/9/2021,303.12,328,291.51,302.56,326656,488401,-161745,52128012
6/10/2021,282,288,211,220.39,1549944,1482520,67424,52195436
6/11/2021,222.35,241.13,206.13,233.34,1066200,763163,303037,52498473
6/14/2021,236.5,238.01,219.2,229.44,497040,811634,-314594,52183879
6/15/2021,226.36,229.25,208,222.5,481733,740102,-258369,51925510
6/16/2021,215.24,228.7305,209,222.97,1274984,1667851,-392867,51532643
6/17/2021,224,233.66,221.48,223.59,339477,1302843,-963366,50569277
6/18/2021,220.18,223.49,213,213.82,1440730,1428013,12717,50581994
6/21/2021,216.95,218.3999,197,200.37,770646,564473,206173,50788167
6/22/2021,217.73,225.88,209.17,220.4,1263053,607384,655669,51443836
6/23/2021,221.45,222.57,214.12,219.34,211777,119488,92289,51536125
6/24/2021,221.156,227.45,211.6,212.31,423579,567055,-143476,51392649
6/25/2021,214,214.2,198.5,209.51,1078491,509501,568990,51961639
6/28/2021,211.25,224.45,210.2,213.25,913704,648203,265501,52227140
6/29/2021,213.59,215.22,208.01,210.88,1574868,2771827,-1196959,51030181
6/30/2021,209.69,215.2787,206.9379,214.14,1172892,2681101,-1508209,49521972
7/1/2021,213.4,216.83,202,204.36,624315,458661,165654,49687626
7/2/2021,204.8,205.45,196.5,202.83,402343,1127606,-725263,48962363
7/6/2021,204,204.77,193.7101,199.56,1031220,282501,748719,49711082
7/7/2021,196,197.5,177.56,190.66,1360140,737017,623123,50334205
7/8/2021,179.83,194.22,179.5,191.38,464669,295039,169630,50503835
7/9/2021,190.88,194.78,186.75,191.23,529470,358161,171309,50675144
7/12/2021,191.42,197.75,187.42,189.25,314121,284153,29968,50705112
7/13/2021,187.68,188.79,179,180.06,481722,360407,121315,50826427
7/14/2021,180.49,182.38,165.07,167.62,836588,276393,560195,51386622
7/15/2021,160,171.99,158.01,166.82,253700,285901,-32201,51354421
7/16/2021,170.15,179.47,166.3,169.04,598162,514964,83198,51437619
7/19/2021,163.3,176,161.22,173.49,258100,329000,-70900,51366719
7/20/2021,173.9,193.6399,172.42,191.18,705658,899015,-193357,51173362
7/21/2021,187.79,195.51,182.11,185.81,250982,311827,-60845,51112517
7/22/2021,185.3,187.69,176.15,178.85,565679,218635,347044,51459561
7/23/2021,181,181.6,173.84,180.36,451785,337647,114138,51573699
7/26/2021,180.36,186.04,178.76,183.94,397840,263410,134430,51708129
7/27/2021,183,185,176.6601,178.54,152684,194684,-42000,51666129
7/28/2021,175.72,177.12,164.27,169.12,175257,199048,-23791,51642338
7/29/2021,170.6,173.89,164.51,164.86,353519,316864,36655,51678993
7/30/2021,165,167.22,158.87,161.12,780300,687351,92949,51771942
8/2/2021,162,163.5899,155.06,157.65,1396242,670598,725644,52497586
8/3/2021,156.74,158.89,148.2,152.75,1382575,535925,846650,53344236
8/4/2021,152.73,157.79,145.691,146.8,1824060,1073827,750233,54094469
8/5/2021,148,157.6,145.22,153.44,1229814,3042186,-1812372,52282097
8/6/2021,154.59,156.5,150.31,151.77,580587,901481,-320894,51961203
8/9/2021,151.8,164.71,150.66,161.13,268626,391404,-122778,51838425
8/10/2021,161.36,166.8999,155.352,159.05,728800,1055000,-326200,51512225
8/11/2021,158.43,159.05,154.62,158.78,80192,222852,-142660,51369565
8/12/2021,159.88,164.28,157.33,162.35,85720,115500,-29780,51339785
8/13/2021,160.47,163.5499,157.4101,162.52,81451,134300,-52849,51286936
8/16/2021,161,169.8799,159.1601,163.93,245183,266251,-21068,51265868
8/17/2021,161.19,169.48,161.1,163.55,479509,265955,213554,51479422
8/18/2021,163.25,165.6,156.75,157.05,236435,273077,-36642,51442780
8/19/2021,156.77,157.9899,150.78,152.9,295882,330788,-34906,51407874
8/20/2021,153.8,160.09,153.24,159.3,391684,162484,229200,51637074
8/23/2021,162.38,167.29,159.55,164.89,122900,48184,74716,51711790
8/24/2021,166.29,225,165.15,210.29,246542,256942,-10400,51701390
8/25/2021,206.65,227,193,199.65,279861,218918,60943,51762333
8/26/2021,200.68,217,199,205.22,523100,626218,-103118,51659215
8/27/2021,207.7,212.9999,200.02,204.95,406723,437512,-30789,51628426
8/30/2021,205,218.19,203.02,209.2,250226,173302,76924,51705350
8/31/2021,212.7,222.3,211.46,218.24,209182,458100,-248918,51456432
9/1/2021,224,231.439,208.02,212.97,201690,436126,-234436,51221996
9/2/2021,213.86,214.8,206.3,213.52,109084,366138,-257054,50964942
9/3/2021,212.05,216.27,198.84,202.75,307938,78980,228958,51193900
9/6/2021,,,,,180300,28100,152200,51346100
9/7/2021,206.25,209.9,196.1,199,405832,151032,254800,51600900
9/8/2021,201.86,206.88,190.6758,198.8,480968,583632,-102664,51498236
9/9/2021,180.085,202,178,199.18,205300,236000,-30700,51467536
9/10/2021,198.408,202.16,190,190.41,1077700,861243,216457,51683993
9/13/2021,193.75,208.88,191.5,203.4,807800,675218,132582,51816575
9/14/2021,200.65,204.62,195,199.24,276874,241532,35342,51851917
9/15/2021,197,204.87,193.751,204.52,127982,663952,-535970,51315947
9/16/2021,202.33,216.55,201.15,206.37,398600,582200,-183600,51132347
9/17/2021,208.02,212.49,200.78,204.97,181413,233790,-52377,51079970
9/20/2021,200,202.8499,184.55,192.2,463642,171455,292187,51372157
9/21/2021,199.36,199.36,186,189.95,618697,99729,518968,51891125
9/22/2021,189.64,193.5,186.29,190.14,810590,533880,276710,52167835
9/23/2021,192.33,195.75,190.6,191.24,618172,232933,385239,52553074
9/24/2021,191,191.7153,184.11,185.16,172275,292331,-120056,52433018
9/27/2021,185.92,192.05,185.87,189.48,370870,106344,264526,52697544
9/28/2021,188,190.8099,178,178.6,521298,81998,439300,53136844
9/29/2021,180.09,184.48,174.61,175.92,411625,120121,291504,53428348
9/30/2021,175,185.4499,166.79,175.47,389143,164445,224698,53653046
10/1/2021,179.4,179.49,172.25,176.91,304511,342640,-38129,53614917
10/4/2021,175.95,176.95,170.771,171.36,321881,493115,-171234,53443683
10/5/2021,171.19,173.1699,166.7,172.18,263123,311158,-48035,53395648
10/6/2021,170.06,172.96,165.81,171.07,286448,175907,110541,53506189
10/7/2021,172,175.2,170.5406,172.12,121871,485639,-363768,53142421
10/8/2021,172.5,175.72,171.12,172.68,306810,311666,-4856,53137565
10/11/2021,173,188.49,173,178.1,142810,127594,15216,53152781
10/12/2021,180.5,181.78,173.8,175.82,123992,224133,-100141,53052640
10/13/2021,178.3,188.21,176,184.06,159400,245909,-86509,52966131
10/14/2021,183.76,190.2,182.6,183.83,945520,472094,473426,53439557
10/15/2021,184,186.98,180.88,183.28,218758,257366,-38608,53400949
10/18/2021,182.94,189.87,182.5453,186.02,192800,456440,-263640,53137309
10/19/2021,188.99,192.18,184.4,186.79,602418,621118,-18700,53118609
10/20/2021,186.33,188,181.98,184.52,274978,362334,-87356,53031253
10/21/2021,184.71,190.6999,180.6,181.71,205120,461043,-255923,52775330
10/22/2021,178.1,179.49,167.8,169.8,256800,388200,-131400,52643930
10/25/2021,169.42,174.8,167.26,173.97,345044,160138,184906,52828836
10/26/2021,173.36,185,172.5,177.84,791053,573106,217947,53046783
10/27/2021,180,183.09,172.33,173.51,335754,216935,118819,53165602
10/28/2021,175.16,183.14,175,182.85,272944,341655,-68711,53096891
10/29/2021,182.81,185.75,178,183.51,482945,364434,118511,53215402
11/1/2021,182.53,208.57,182.05,200.09,416601,570785,-154184,53061218
11/2/2021,199.35,211.9381,191.69,206.99,120446,377070,-256624,52804594
11/3/2021,214,255.69,208.2501,218.33,572944,827524,-254580,52550014
11/4/2021,222,228.97,211.55,217.84,315672,303288,12384,52562398
11/5/2021,220.64,221,209.01,213.25,730525,808785,-78260,52484138
11/8/2021,212.5,225.04,212.01,218.64,229068,493441,-264373,52219765
11/9/2021,222,223.4899,204.44,206.6,236299,784227,-547928,51671837
11/10/2021,202.12,207.39,196.5,199.19,204410,244025,-39615,51632222
11/11/2021,200,208.09,198.1501,204.32,,,0,51632222
11/12/2021,202.14,205.36,197.88,202.1,316921,307068,9853,51642075
11/15/2021,203.86,211.5,201.69,209.14,329300,250900,78400,51720475
11/16/2021,209.02,212.57,203.625,207.18,170234,81800,88434,51808909
11/17/2021,206.3,217.7,206,210,228398,279530,-51132,51757777
11/18/2021,210.25,215.1376,207.5,210.12,330900,377799,-46899,51710878
11/19/2021,209.14,229.39,208.2524,228.8,362208,413490,-51282,51659596
11/22/2021,230.46,249.64,229.745,247.55,1077270,771585,305685,51965281
11/23/2021,243.84,252.2,212.5601,213.9,1100249,1527335,-427086,51538195
11/24/2021,217.25,223.9899,208,211.78,505297,819213,-313916,51224279
11/26/2021,208.08,211.7299,199.2,199.72,328957,199741,129216,51353495
11/29/2021,204,207.91,200.94,202.01,207905,125760,82145,51435640
11/30/2021,200.1,203.9459,188,196.21,486769,491796,-5027,51430613
12/1/2021,199.4,200.105,177.01,179.84,169783,189502,-19719,51410894
12/2/2021,185,187.43,173.07,181.56,292358,206073,86285,51497179
12/3/2021,181,183.93,159.0501,172.39,302478,205650,96828,51594007
12/6/2021,166,173.34,163.2,167.12,344600,215156,129444,51723451
12/7/2021,175.18,181.98,170.51,177.81,961545,525517,436028,52159479
12/8/2021,176.6,180.2499,171.96,173.65,872868,439109,433759,52593238
12/9/2021,167,172.69,151,155.76,624353,429215,195138,52788376
12/10/2021,159.83,162.3,148,159.01,504467,185936,318531,53106907
12/13/2021,160.33,160.89,135.0701,136.88,1063852,589940,473912,53580819
12/14/2021,131,150.3736,129.5,147.69,950862,488302,462560,54043379
12/15/2021,147.46,152,141.12,148.59,1493018,334767,1158251,55201630
12/16/2021,152.93,154.44,142.13,144.59,1995326,1494684,500642,55702272
12/17/2021,143.75,158.5656,139.331,155.64,628177,719277,-91100,55611172
12/20/2021,153.19,159.68,149.7,157.14,468875,451596,17279,55628451
12/21/2021,157.06,160.25,155.14,158.12,685545,839294,-153749,55474702
12/22/2021,158.33,159.1545,152.12,154,382384,388876,-6492,55468210
12/23/2021,154,155,146.02,152.14,411598,437148,-25550,55442660
12/24/2021,,,,,361800,329700,32100,55474760
12/27/2021,152,152.6211,140,148.31,588858,464030,124828,55599588
12/28/2021,147.5,157.41,146.41,146.46,329100,212900,116200,55715788
12/29/2021,147.85,155.49,142.14,153.93,353302,229102,124200,55839988
12/30/2021,151,160,150,155.33,262549,339377,-76828,55763160
12/31/2021,153.62,156.73,148.1,148.39,400004,229252,170752,55933912
1/3/2022,149.23,159.38,149.21,152.84,399198,377716,21482,55955394
1/4/2022,152.17,152.99,143.05,148.91,619875,391121,228754,56184148
1/5/2022,148.39,148.85,129.1501,129.37,883425,769423,114002,56298150
1/6/2022,132.84,137.7,121.14,131.03,506060,928248,-422188,55875962
1/7/2022,159.77,160.31,132.5,140.62,1996913,169876,1827037,57702999
1/10/2022,134.99,135.69,120,131.15,799330,679569,119761,57822760
1/11/2022,130.1,136.8,127.3901,130.3,1017837,252757,765080,58587840
1/12/2022,130,131.32,126.45,128.06,1434518,633662,800856,59388696
1/13/2022,128.5,130.5,121.69,122.48,432990,434790,-1800,59386896
1/14/2022,120.15,122.3,112.02,116.65,451360,288546,162814,59549710
1/17/2022,,,,,343675,237961,105714,59655424
1/18/2022,113.11,113.75,104.402,108.91,431062,368499,62563,59717987
1/19/2022,110.01,113.05,104.41,106.57,802400,302215,500185,60218172
1/20/2022,107.9,115.2,101.6,102.67,724509,280888,443621,60661793
1/21/2022,101,110.21,92.72,106.36,787369,446496,340873,61002666
1/24/2022,99.02,102.86,86.29,100.15,894065,599487,294578,61297244
1/25/2022,96.92,104.9692,95.01,99.79,1000043,672572,327471,61624715
1/26/2022,101.1,119,100.31,103.26,625108,656005,-30897,61593818
1/27/2022,104.14,107,92.8865,93.52,723137,341719,381418,61975236
1/28/2022,95.4,98,87.605,97.91,315748,426541,-110793,61864443
1/31/2022,97.87,109.8199,97.86,108.93,650041,593459,56582,61921025
2/1/2022,113.01,116.65,108.2649,112.6,443489,522711,-79222,61841803
2/2/2022,110.35,111.8599,98.06,100.04,1088285,183576,904709,62746512
2/3/2022,101.5,106.94,97.71,99.23,719875,284774,435101,63181613
2/4/2022,99.01,104,95.08,102.34,409204,199146,210058,63391671
2/7/2022,102.99,105.3849,98.77,102.34,4629765,2871955,1757810,65149481
2/8/2022,101.755,117.6717,100.55,115.6,752484,625563,126921,65276402
2/9/2022,114.09,124.71,113,124.29,299562,125526,174036,65450438
2/10/2022,117.95,131.78,116,122.47,370817,348150,22667,65473105
2/11/2022,122.48,129.8668,120.7706,124.25,603696,1142261,-538565,64934540
2/14/2022,122.93,125.5,116.15,117.09,633627,739147,-105520,64829020
2/15/2022,120.96,127.2299,119.26,126.16,257462,332864,-75402,64753618
2/16/2022,124.43,132.85,123.92,128.33,619314,644918,-25604,64728014
2/17/2022,126.77,130.8479,122.22,123.41,334240,392121,-57881,64670133
2/18/2022,124.2,125.6496,118.131,121.53,507865,705677,-197812,64472321
2/21/2022,,,,,188122,206407,-18285,64454036
2/22/2022,118.2,123.33,114.185,118.06,213505,440139,-226634,64227402
2/23/2022,121.22,123.355,114.2801,114.87,229247,510476,-281229,63946173
2/24/2022,105.53,125.71,104.12,124.58,905068,665364,239704,64185877
2/25/2022,123.57,124.97,116.485,118.58,245159,309110,-63951,64121926
2/28/2022,121,126.285,116.89,123.34,472955,200313,272642,64394568
3/1/2022,122.19,125.87,118.35,119.02,462250,225652,236598,64631166
3/2/2022,119.5,122.67,116.3714,121.97,491250,587033,-95783,64535383
3/3/2022,122.96,123.74,117.23,118.41,229743,174536,55207,64590590
3/4/2022,118.01,120.51,110.5812,111.66,167833,230381,-62548,64528042
3/7/2022,115,115,96.1025,99.35,353986,470152,-116166,64411876
3/8/2022,101.03,108.99,97.0861,103.01,1130751,315453,815298,65227174
3/9/2022,106.98,108.86,103.5,105.21,974837,332781,642056,65869230
3/10/2022,103.92,104.0572,98.2512,100.56,528651,426243,102408,65971638
3/11/2022,102.66,102.9,92.69,92.69,1117181,871113,246068,66217706
3/14/2022,93.43,94.32,77.58,78.11,579572,244864,334708,66552414
3/15/2022,82.1,87.56,78.68,82.64,585655,180162,405493,66957907
3/16/2022,85.11,90.01,82,86.86,596616,204257,392359,67350266
3/17/2022,85.1,89.58,83.45,87.7,363496,170661,192835,67543101
3/18/2022,79.74,97.45,78.9,90.79,397279,69212,328067,67871168
3/21/2022,90,99.3992,89.76,94.2,464648,105033,359615,68230783
3/22/2022,95.4,125.79,94.45,123.14,925706,138469,787237,69018020
3/23/2022,130,150.9299,126.55,141,1110190,225112,885078,69903098
3/24/2022,134.015,143.48,126.76,142.39,1069291,268349,800942,70704040
3/25/2022,140.04,158.1599,138.2,151.95,857776,442547,415229,71119269
3/28/2022,151.98,190.84,151.545,189.59,,,,
